Identyfikator Produktu (ID);Indeks produktu;Atrybut (Nazwa:Typ:Pozycja)*;Wartość (Wartość:Pozycja)*;Identyfikator dostawcy;Indeks;kod EAN13;Kod kreskowy UPC;MPN;Koszt własny;Wpływ na cenę;Podatek ekologiczny;Ilość;Minimalna ilość;Niski poziom produktów w magazynie;Wyślij do mnie e-mail, gdy ilość jest poniżej tego poziomu;Wpływ na wagę;Domyślny (0 = Nie, 1 = Tak);Data dostępności kombinacji;Wybierz z pośród zdjęci produktów wg pozycji (1,2,3...);Adresy URL zdjęcia (x,y,z...);Tekst alternatywny dla zdjęć (x,y,z...); ID / Nazwa sklepu;Zaawansowane zarządzanie magazynem;Zależny od stanu magazynowego;Magazyn
1;;Kolor kabla:select:1;Miedziany:1;;;;;;0;0;0;10;1;0;;0;0;;;;;0;0;0;
1;;Kolor kabla:select:1;Srebrzysty:1;;;;;;0;0;0;10;1;0;;0;1;;;;;0;0;0;
1;;Kolor kabla:select:1;Czarny:1;;;;;;0;0;0;10;1;0;;0;0;;;;;0;0;0;
1;;Kolor kabla:select:1;Biały:1;;;;;;0;0;0;10;1;0;;0;0;;;;;0;0;0;
2;;Kolor kabla:select:1;Miedziany:1;;;;;;0;0;0;10;1;0;;0;0;;;;;0;0;0;
2;;Kolor kabla:select:1;Srebrzysty:1;;;;;;0;0;0;10;1;0;;0;1;;;;;0;0;0;
2;;Kolor kabla:select:1;Czarny:1;;;;;;0;0;0;10;1;0;;0;0;;;;;0;0;0;
2;;Kolor kabla:select:1;Biały:1;;;;;;0;0;0;10;1;0;;0;0;;;;;0;0;0;
3;;Kolor kabla:select:1;Miedziany:1;;;;;;0;0;0;10;1;0;;0;0;;;;;0;0;0;
3;;Kolor kabla:select:1;Srebrzysty:1;;;;;;0;0;0;10;1;0;;0;1;;;;;0;0;0;
3;;Kolor kabla:select:1;Czarny:1;;;;;;0;0;0;10;1;0;;0;0;;;;;0;0;0;
3;;Kolor kabla:select:1;Biały:1;;;;;;0;0;0;10;1;0;;0;0;;;;;0;0;0;
4;;Kolor kabla:select:1;Miedziany:1;;;;;;0;0;0;10;1;0;;0;0;;;;;0;0;0;
4;;Kolor kabla:select:1;Srebrzysty:1;;;;;;0;0;0;10;1;0;;0;1;;;;;0;0;0;
4;;Kolor kabla:select:1;Czarny:1;;;;;;0;0;0;10;1;0;;0;0;;;;;0;0;0;
4;;Kolor kabla:select:1;Biały:1;;;;;;0;0;0;10;1;0;;0;0;;;;;0;0;0;
5;;Kolor kabla:select:1;Miedziany:1;;;;;;0;0;0;10;1;0;;0;0;;;;;0;0;0;
5;;Kolor kabla:select:1;Srebrzysty:1;;;;;;0;0;0;10;1;0;;0;1;;;;;0;0;0;
5;;Kolor kabla:select:1;Czarny:1;;;;;;0;0;0;10;1;0;;0;0;;;;;0;0;0;
5;;Kolor kabla:select:1;Biały:1;;;;;;0;0;0;10;1;0;;0;0;;;;;0;0;0;
6;;Kolor kabla:select:1;Miedziany:1;;;;;;0;0;0;10;1;0;;0;0;;;;;0;0;0;
6;;Kolor kabla:select:1;Srebrzysty:1;;;;;;0;0;0;10;1;0;;0;1;;;;;0;0;0;
6;;Kolor kabla:select:1;Czarny:1;;;;;;0;0;0;10;1;0;;0;0;;;;;0;0;0;
6;;Kolor kabla:select:1;Biały:1;;;;;;0;0;0;10;1;0;;0;0;;;;;0;0;0;
7;;Kolor kabla:select:1;Miedziany:1;;;;;;0;0;0;10;1;0;;0;0;;;;;0;0;0;
7;;Kolor kabla:select:1;Srebrzysty:1;;;;;;0;0;0;10;1;0;;0;1;;;;;0;0;0;
7;;Kolor kabla:select:1;Czarny:1;;;;;;0;0;0;10;1;0;;0;0;;;;;0;0;0;
7;;Kolor kabla:select:1;Biały:1;;;;;;0;0;0;10;1;0;;0;0;;;;;0;0;0;
8;;Kolor kabla:select:1;Miedziany:1;;;;;;0;0;0;10;1;0;;0;0;;;;;0;0;0;
8;;Kolor kabla:select:1;Srebrzysty:1;;;;;;0;0;0;10;1;0;;0;1;;;;;0;0;0;
8;;Kolor kabla:select:1;Czarny:1;;;;;;0;0;0;10;1;0;;0;0;;;;;0;0;0;
8;;Kolor kabla:select:1;Biały:1;;;;;;0;0;0;10;1;0;;0;0;;;;;0;0;0;
9;;Kolor kabla:select:1;Miedziany:1;;;;;;0;0;0;10;1;0;;0;0;;;;;0;0;0;
9;;Kolor kabla:select:1;Srebrzysty:1;;;;;;0;0;0;10;1;0;;0;1;;;;;0;0;0;
9;;Kolor kabla:select:1;Czarny:1;;;;;;0;0;0;10;1;0;;0;0;;;;;0;0;0;
9;;Kolor kabla:select:1;Biały:1;;;;;;0;0;0;10;1;0;;0;0;;;;;0;0;0;
10;;Kolor kabla:select:1;Miedziany:1;;;;;;0;0;0;10;1;0;;0;0;;;;;0;0;0;
10;;Kolor kabla:select:1;Srebrzysty:1;;;;;;0;0;0;10;1;0;;0;1;;;;;0;0;0;
10;;Kolor kabla:select:1;Czarny:1;;;;;;0;0;0;10;1;0;;0;0;;;;;0;0;0;
10;;Kolor kabla:select:1;Biały:1;;;;;;0;0;0;10;1;0;;0;0;;;;;0;0;0;
11;;Kolor kabla:select:1;Miedziany:1;;;;;;0;0;0;10;1;0;;0;0;;;;;0;0;0;
11;;Kolor kabla:select:1;Srebrzysty:1;;;;;;0;0;0;10;1;0;;0;1;;;;;0;0;0;
11;;Kolor kabla:select:1;Czarny:1;;;;;;0;0;0;10;1;0;;0;0;;;;;0;0;0;
11;;Kolor kabla:select:1;Biały:1;;;;;;0;0;0;10;1;0;;0;0;;;;;0;0;0;
12;;Kolor kabla:select:1;Miedziany:1;;;;;;0;0;0;10;1;0;;0;0;;;;;0;0;0;
12;;Kolor kabla:select:1;Srebrzysty:1;;;;;;0;0;0;10;1;0;;0;1;;;;;0;0;0;
12;;Kolor kabla:select:1;Czarny:1;;;;;;0;0;0;10;1;0;;0;0;;;;;0;0;0;
12;;Kolor kabla:select:1;Biały:1;;;;;;0;0;0;10;1;0;;0;0;;;;;0;0;0;
13;;Kolor kabla:select:1;Miedziany:1;;;;;;0;0;0;10;1;0;;0;0;;;;;0;0;0;
13;;Kolor kabla:select:1;Srebrzysty:1;;;;;;0;0;0;10;1;0;;0;1;;;;;0;0;0;
13;;Kolor kabla:select:1;Czarny:1;;;;;;0;0;0;10;1;0;;0;0;;;;;0;0;0;
13;;Kolor kabla:select:1;Biały:1;;;;;;0;0;0;10;1;0;;0;0;;;;;0;0;0;
14;;Kolor kabla:select:1;Miedziany:1;;;;;;0;0;0;10;1;0;;0;0;;;;;0;0;0;
14;;Kolor kabla:select:1;Srebrzysty:1;;;;;;0;0;0;10;1;0;;0;1;;;;;0;0;0;
14;;Kolor kabla:select:1;Czarny:1;;;;;;0;0;0;10;1;0;;0;0;;;;;0;0;0;
14;;Kolor kabla:select:1;Biały:1;;;;;;0;0;0;10;1;0;;0;0;;;;;0;0;0;
15;;Kolor kabla:select:1;Miedziany:1;;;;;;0;0;0;10;1;0;;0;0;;;;;0;0;0;
15;;Kolor kabla:select:1;Srebrzysty:1;;;;;;0;0;0;10;1;0;;0;1;;;;;0;0;0;
15;;Kolor kabla:select:1;Czarny:1;;;;;;0;0;0;10;1;0;;0;0;;;;;0;0;0;
15;;Kolor kabla:select:1;Biały:1;;;;;;0;0;0;10;1;0;;0;0;;;;;0;0;0;
16;;Kolor kabla:select:1;Miedziany:1;;;;;;0;0;0;10;1;0;;0;0;;;;;0;0;0;
16;;Kolor kabla:select:1;Srebrzysty:1;;;;;;0;0;0;10;1;0;;0;1;;;;;0;0;0;
16;;Kolor kabla:select:1;Czarny:1;;;;;;0;0;0;10;1;0;;0;0;;;;;0;0;0;
16;;Kolor kabla:select:1;Biały:1;;;;;;0;0;0;10;1;0;;0;0;;;;;0;0;0;
17;;Kolor kabla:select:1;Miedziany:1;;;;;;0;0;0;10;1;0;;0;0;;;;;0;0;0;
17;;Kolor kabla:select:1;Srebrzysty:1;;;;;;0;0;0;10;1;0;;0;1;;;;;0;0;0;
17;;Kolor kabla:select:1;Czarny:1;;;;;;0;0;0;10;1;0;;0;0;;;;;0;0;0;
17;;Kolor kabla:select:1;Biały:1;;;;;;0;0;0;10;1;0;;0;0;;;;;0;0;0;
18;;Kolor kabla:select:1;Miedziany:1;;;;;;0;0;0;10;1;0;;0;0;;;;;0;0;0;
18;;Kolor kabla:select:1;Srebrzysty:1;;;;;;0;0;0;10;1;0;;0;1;;;;;0;0;0;
18;;Kolor kabla:select:1;Czarny:1;;;;;;0;0;0;10;1;0;;0;0;;;;;0;0;0;
18;;Kolor kabla:select:1;Biały:1;;;;;;0;0;0;10;1;0;;0;0;;;;;0;0;0;
19;;Kolor kabla:select:1;Miedziany:1;;;;;;0;0;0;10;1;0;;0;0;;;;;0;0;0;
19;;Kolor kabla:select:1;Srebrzysty:1;;;;;;0;0;0;10;1;0;;0;1;;;;;0;0;0;
19;;Kolor kabla:select:1;Czarny:1;;;;;;0;0;0;10;1;0;;0;0;;;;;0;0;0;
19;;Kolor kabla:select:1;Biały:1;;;;;;0;0;0;10;1;0;;0;0;;;;;0;0;0;
20;;Kolor kabla:select:1;Miedziany:1;;;;;;0;0;0;10;1;0;;0;0;;;;;0;0;0;
20;;Kolor kabla:select:1;Srebrzysty:1;;;;;;0;0;0;10;1;0;;0;1;;;;;0;0;0;
20;;Kolor kabla:select:1;Czarny:1;;;;;;0;0;0;10;1;0;;0;0;;;;;0;0;0;
20;;Kolor kabla:select:1;Biały:1;;;;;;0;0;0;10;1;0;;0;0;;;;;0;0;0;
21;;Kolor kabla:select:1;Miedziany:1;;;;;;0;0;0;10;1;0;;0;0;;;;;0;0;0;
21;;Kolor kabla:select:1;Srebrzysty:1;;;;;;0;0;0;10;1;0;;0;1;;;;;0;0;0;
21;;Kolor kabla:select:1;Czarny:1;;;;;;0;0;0;10;1;0;;0;0;;;;;0;0;0;
21;;Kolor kabla:select:1;Biały:1;;;;;;0;0;0;10;1;0;;0;0;;;;;0;0;0;
22;;Kolor kabla:select:1;Miedziany:1;;;;;;0;0;0;10;1;0;;0;0;;;;;0;0;0;
22;;Kolor kabla:select:1;Srebrzysty:1;;;;;;0;0;0;10;1;0;;0;1;;;;;0;0;0;
22;;Kolor kabla:select:1;Czarny:1;;;;;;0;0;0;10;1;0;;0;0;;;;;0;0;0;
22;;Kolor kabla:select:1;Biały:1;;;;;;0;0;0;10;1;0;;0;0;;;;;0;0;0;
23;;Kolor kabla:select:1;Miedziany:1;;;;;;0;0;0;10;1;0;;0;0;;;;;0;0;0;
23;;Kolor kabla:select:1;Srebrzysty:1;;;;;;0;0;0;10;1;0;;0;1;;;;;0;0;0;
23;;Kolor kabla:select:1;Czarny:1;;;;;;0;0;0;10;1;0;;0;0;;;;;0;0;0;
23;;Kolor kabla:select:1;Biały:1;;;;;;0;0;0;10;1;0;;0;0;;;;;0;0;0;
24;;Kolor kabla:select:1;Miedziany:1;;;;;;0;0;0;10;1;0;;0;0;;;;;0;0;0;
24;;Kolor kabla:select:1;Srebrzysty:1;;;;;;0;0;0;10;1;0;;0;1;;;;;0;0;0;
24;;Kolor kabla:select:1;Czarny:1;;;;;;0;0;0;10;1;0;;0;0;;;;;0;0;0;
24;;Kolor kabla:select:1;Biały:1;;;;;;0;0;0;10;1;0;;0;0;;;;;0;0;0;
25;;Kolor kabla:select:1;Miedziany:1;;;;;;0;0;0;10;1;0;;0;0;;;;;0;0;0;
25;;Kolor kabla:select:1;Srebrzysty:1;;;;;;0;0;0;10;1;0;;0;1;;;;;0;0;0;
25;;Kolor kabla:select:1;Czarny:1;;;;;;0;0;0;10;1;0;;0;0;;;;;0;0;0;
25;;Kolor kabla:select:1;Biały:1;;;;;;0;0;0;10;1;0;;0;0;;;;;0;0;0;
26;;Kolor kabla:select:1;Miedziany:1;;;;;;0;0;0;10;1;0;;0;0;;;;;0;0;0;
26;;Kolor kabla:select:1;Srebrzysty:1;;;;;;0;0;0;10;1;0;;0;1;;;;;0;0;0;
26;;Kolor kabla:select:1;Czarny:1;;;;;;0;0;0;10;1;0;;0;0;;;;;0;0;0;
26;;Kolor kabla:select:1;Biały:1;;;;;;0;0;0;10;1;0;;0;0;;;;;0;0;0;
27;;Kolor kabla:select:1;Miedziany:1;;;;;;0;0;0;10;1;0;;0;0;;;;;0;0;0;
27;;Kolor kabla:select:1;Srebrzysty:1;;;;;;0;0;0;10;1;0;;0;1;;;;;0;0;0;
27;;Kolor kabla:select:1;Czarny:1;;;;;;0;0;0;10;1;0;;0;0;;;;;0;0;0;
27;;Kolor kabla:select:1;Biały:1;;;;;;0;0;0;10;1;0;;0;0;;;;;0;0;0;
28;;Kolor kabla:select:1;Miedziany:1;;;;;;0;0;0;10;1;0;;0;0;;;;;0;0;0;
28;;Kolor kabla:select:1;Srebrzysty:1;;;;;;0;0;0;10;1;0;;0;1;;;;;0;0;0;
28;;Kolor kabla:select:1;Czarny:1;;;;;;0;0;0;10;1;0;;0;0;;;;;0;0;0;
28;;Kolor kabla:select:1;Biały:1;;;;;;0;0;0;10;1;0;;0;0;;;;;0;0;0;
29;;Kolor kabla:select:1;Miedziany:1;;;;;;0;0;0;10;1;0;;0;0;;;;;0;0;0;
29;;Kolor kabla:select:1;Srebrzysty:1;;;;;;0;0;0;10;1;0;;0;1;;;;;0;0;0;
29;;Kolor kabla:select:1;Czarny:1;;;;;;0;0;0;10;1;0;;0;0;;;;;0;0;0;
29;;Kolor kabla:select:1;Biały:1;;;;;;0;0;0;10;1;0;;0;0;;;;;0;0;0;
30;;Kolor kabla:select:1;Miedziany:1;;;;;;0;0;0;10;1;0;;0;0;;;;;0;0;0;
30;;Kolor kabla:select:1;Srebrzysty:1;;;;;;0;0;0;10;1;0;;0;1;;;;;0;0;0;
30;;Kolor kabla:select:1;Czarny:1;;;;;;0;0;0;10;1;0;;0;0;;;;;0;0;0;
30;;Kolor kabla:select:1;Biały:1;;;;;;0;0;0;10;1;0;;0;0;;;;;0;0;0;
31;;Kolor kabla:select:1;Miedziany:1;;;;;;0;0;0;10;1;0;;0;0;;;;;0;0;0;
31;;Kolor kabla:select:1;Srebrzysty:1;;;;;;0;0;0;10;1;0;;0;1;;;;;0;0;0;
31;;Kolor kabla:select:1;Czarny:1;;;;;;0;0;0;10;1;0;;0;0;;;;;0;0;0;
31;;Kolor kabla:select:1;Biały:1;;;;;;0;0;0;10;1;0;;0;0;;;;;0;0;0;
32;;Kolor kabla:select:1;Miedziany:1;;;;;;0;0;0;10;1;0;;0;0;;;;;0;0;0;
32;;Kolor kabla:select:1;Srebrzysty:1;;;;;;0;0;0;10;1;0;;0;1;;;;;0;0;0;
32;;Kolor kabla:select:1;Czarny:1;;;;;;0;0;0;10;1;0;;0;0;;;;;0;0;0;
32;;Kolor kabla:select:1;Biały:1;;;;;;0;0;0;10;1;0;;0;0;;;;;0;0;0;
33;;Kolor kabla:select:1;Miedziany:1;;;;;;0;0;0;10;1;0;;0;0;;;;;0;0;0;
33;;Kolor kabla:select:1;Srebrzysty:1;;;;;;0;0;0;10;1;0;;0;1;;;;;0;0;0;
33;;Kolor kabla:select:1;Czarny:1;;;;;;0;0;0;10;1;0;;0;0;;;;;0;0;0;
33;;Kolor kabla:select:1;Biały:1;;;;;;0;0;0;10;1;0;;0;0;;;;;0;0;0;
34;;Kolor kabla:select:1;Miedziany:1;;;;;;0;0;0;10;1;0;;0;0;;;;;0;0;0;
34;;Kolor kabla:select:1;Srebrzysty:1;;;;;;0;0;0;10;1;0;;0;1;;;;;0;0;0;
34;;Kolor kabla:select:1;Czarny:1;;;;;;0;0;0;10;1;0;;0;0;;;;;0;0;0;
34;;Kolor kabla:select:1;Biały:1;;;;;;0;0;0;10;1;0;;0;0;;;;;0;0;0;
35;;Kolor kabla:select:1;Miedziany:1;;;;;;0;0;0;10;1;0;;0;0;;;;;0;0;0;
35;;Kolor kabla:select:1;Srebrzysty:1;;;;;;0;0;0;10;1;0;;0;1;;;;;0;0;0;
35;;Kolor kabla:select:1;Czarny:1;;;;;;0;0;0;10;1;0;;0;0;;;;;0;0;0;
35;;Kolor kabla:select:1;Biały:1;;;;;;0;0;0;10;1;0;;0;0;;;;;0;0;0;
36;;Kolor kabla:select:1;Miedziany:1;;;;;;0;0;0;10;1;0;;0;0;;;;;0;0;0;
36;;Kolor kabla:select:1;Srebrzysty:1;;;;;;0;0;0;10;1;0;;0;1;;;;;0;0;0;
36;;Kolor kabla:select:1;Czarny:1;;;;;;0;0;0;10;1;0;;0;0;;;;;0;0;0;
36;;Kolor kabla:select:1;Biały:1;;;;;;0;0;0;10;1;0;;0;0;;;;;0;0;0;
37;;Kolor kabla:select:1;Miedziany:1;;;;;;0;0;0;10;1;0;;0;0;;;;;0;0;0;
37;;Kolor kabla:select:1;Srebrzysty:1;;;;;;0;0;0;10;1;0;;0;1;;;;;0;0;0;
37;;Kolor kabla:select:1;Czarny:1;;;;;;0;0;0;10;1;0;;0;0;;;;;0;0;0;
37;;Kolor kabla:select:1;Biały:1;;;;;;0;0;0;10;1;0;;0;0;;;;;0;0;0;
38;;Kolor kabla:select:1;Miedziany:1;;;;;;0;0;0;10;1;0;;0;0;;;;;0;0;0;
38;;Kolor kabla:select:1;Srebrzysty:1;;;;;;0;0;0;10;1;0;;0;1;;;;;0;0;0;
38;;Kolor kabla:select:1;Czarny:1;;;;;;0;0;0;10;1;0;;0;0;;;;;0;0;0;
38;;Kolor kabla:select:1;Biały:1;;;;;;0;0;0;10;1;0;;0;0;;;;;0;0;0;
39;;Kolor kabla:select:1;Miedziany:1;;;;;;0;0;0;10;1;0;;0;0;;;;;0;0;0;
39;;Kolor kabla:select:1;Srebrzysty:1;;;;;;0;0;0;10;1;0;;0;1;;;;;0;0;0;
39;;Kolor kabla:select:1;Czarny:1;;;;;;0;0;0;10;1;0;;0;0;;;;;0;0;0;
39;;Kolor kabla:select:1;Biały:1;;;;;;0;0;0;10;1;0;;0;0;;;;;0;0;0;
40;;Kolor kabla:select:1;Miedziany:1;;;;;;0;0;0;10;1;0;;0;0;;;;;0;0;0;
40;;Kolor kabla:select:1;Srebrzysty:1;;;;;;0;0;0;10;1;0;;0;1;;;;;0;0;0;
40;;Kolor kabla:select:1;Czarny:1;;;;;;0;0;0;10;1;0;;0;0;;;;;0;0;0;
40;;Kolor kabla:select:1;Biały:1;;;;;;0;0;0;10;1;0;;0;0;;;;;0;0;0;
41;;Kolor kabla:select:1;Miedziany:1;;;;;;0;0;0;10;1;0;;0;0;;;;;0;0;0;
41;;Kolor kabla:select:1;Srebrzysty:1;;;;;;0;0;0;10;1;0;;0;1;;;;;0;0;0;
41;;Kolor kabla:select:1;Czarny:1;;;;;;0;0;0;10;1;0;;0;0;;;;;0;0;0;
41;;Kolor kabla:select:1;Biały:1;;;;;;0;0;0;10;1;0;;0;0;;;;;0;0;0;
42;;Kolor kabla:select:1;Miedziany:1;;;;;;0;0;0;10;1;0;;0;0;;;;;0;0;0;
42;;Kolor kabla:select:1;Srebrzysty:1;;;;;;0;0;0;10;1;0;;0;1;;;;;0;0;0;
42;;Kolor kabla:select:1;Czarny:1;;;;;;0;0;0;10;1;0;;0;0;;;;;0;0;0;
42;;Kolor kabla:select:1;Biały:1;;;;;;0;0;0;10;1;0;;0;0;;;;;0;0;0;
43;;Kolor kabla:select:1;Miedziany:1;;;;;;0;0;0;10;1;0;;0;0;;;;;0;0;0;
43;;Kolor kabla:select:1;Srebrzysty:1;;;;;;0;0;0;10;1;0;;0;1;;;;;0;0;0;
43;;Kolor kabla:select:1;Czarny:1;;;;;;0;0;0;10;1;0;;0;0;;;;;0;0;0;
43;;Kolor kabla:select:1;Biały:1;;;;;;0;0;0;10;1;0;;0;0;;;;;0;0;0;
44;;Kolor kabla:select:1;Miedziany:1;;;;;;0;0;0;10;1;0;;0;0;;;;;0;0;0;
44;;Kolor kabla:select:1;Srebrzysty:1;;;;;;0;0;0;10;1;0;;0;1;;;;;0;0;0;
44;;Kolor kabla:select:1;Czarny:1;;;;;;0;0;0;10;1;0;;0;0;;;;;0;0;0;
44;;Kolor kabla:select:1;Biały:1;;;;;;0;0;0;10;1;0;;0;0;;;;;0;0;0;
45;;Kolor kabla:select:1;Miedziany:1;;;;;;0;0;0;10;1;0;;0;0;;;;;0;0;0;
45;;Kolor kabla:select:1;Srebrzysty:1;;;;;;0;0;0;10;1;0;;0;1;;;;;0;0;0;
45;;Kolor kabla:select:1;Czarny:1;;;;;;0;0;0;10;1;0;;0;0;;;;;0;0;0;
45;;Kolor kabla:select:1;Biały:1;;;;;;0;0;0;10;1;0;;0;0;;;;;0;0;0;
46;;Kolor kabla:select:1;Miedziany:1;;;;;;0;0;0;10;1;0;;0;0;;;;;0;0;0;
46;;Kolor kabla:select:1;Srebrzysty:1;;;;;;0;0;0;10;1;0;;0;1;;;;;0;0;0;
46;;Kolor kabla:select:1;Czarny:1;;;;;;0;0;0;10;1;0;;0;0;;;;;0;0;0;
46;;Kolor kabla:select:1;Biały:1;;;;;;0;0;0;10;1;0;;0;0;;;;;0;0;0;
47;;Kolor kabla:select:1;Miedziany:1;;;;;;0;0;0;10;1;0;;0;0;;;;;0;0;0;
47;;Kolor kabla:select:1;Srebrzysty:1;;;;;;0;0;0;10;1;0;;0;1;;;;;0;0;0;
47;;Kolor kabla:select:1;Czarny:1;;;;;;0;0;0;10;1;0;;0;0;;;;;0;0;0;
47;;Kolor kabla:select:1;Biały:1;;;;;;0;0;0;10;1;0;;0;0;;;;;0;0;0;
48;;Kolor kabla:select:1;Miedziany:1;;;;;;0;0;0;10;1;0;;0;0;;;;;0;0;0;
48;;Kolor kabla:select:1;Srebrzysty:1;;;;;;0;0;0;10;1;0;;0;1;;;;;0;0;0;
48;;Kolor kabla:select:1;Czarny:1;;;;;;0;0;0;10;1;0;;0;0;;;;;0;0;0;
48;;Kolor kabla:select:1;Biały:1;;;;;;0;0;0;10;1;0;;0;0;;;;;0;0;0;
49;;Kolor kabla:select:1;Miedziany:1;;;;;;0;0;0;10;1;0;;0;0;;;;;0;0;0;
49;;Kolor kabla:select:1;Srebrzysty:1;;;;;;0;0;0;10;1;0;;0;1;;;;;0;0;0;
49;;Kolor kabla:select:1;Czarny:1;;;;;;0;0;0;10;1;0;;0;0;;;;;0;0;0;
49;;Kolor kabla:select:1;Biały:1;;;;;;0;0;0;10;1;0;;0;0;;;;;0;0;0;
50;;Kolor kabla:select:1;Miedziany:1;;;;;;0;0;0;10;1;0;;0;0;;;;;0;0;0;
50;;Kolor kabla:select:1;Srebrzysty:1;;;;;;0;0;0;10;1;0;;0;1;;;;;0;0;0;
50;;Kolor kabla:select:1;Czarny:1;;;;;;0;0;0;10;1;0;;0;0;;;;;0;0;0;
50;;Kolor kabla:select:1;Biały:1;;;;;;0;0;0;10;1;0;;0;0;;;;;0;0;0;
51;;Kolor kabla:select:1;Miedziany:1;;;;;;0;0;0;10;1;0;;0;0;;;;;0;0;0;
51;;Kolor kabla:select:1;Srebrzysty:1;;;;;;0;0;0;10;1;0;;0;1;;;;;0;0;0;
51;;Kolor kabla:select:1;Czarny:1;;;;;;0;0;0;10;1;0;;0;0;;;;;0;0;0;
51;;Kolor kabla:select:1;Biały:1;;;;;;0;0;0;10;1;0;;0;0;;;;;0;0;0;
52;;Kolor kabla:select:1;Miedziany:1;;;;;;0;0;0;10;1;0;;0;0;;;;;0;0;0;
52;;Kolor kabla:select:1;Srebrzysty:1;;;;;;0;0;0;10;1;0;;0;1;;;;;0;0;0;
52;;Kolor kabla:select:1;Czarny:1;;;;;;0;0;0;10;1;0;;0;0;;;;;0;0;0;
52;;Kolor kabla:select:1;Biały:1;;;;;;0;0;0;10;1;0;;0;0;;;;;0;0;0;
53;;Kolor kabla:select:1;Miedziany:1;;;;;;0;0;0;10;1;0;;0;0;;;;;0;0;0;
53;;Kolor kabla:select:1;Srebrzysty:1;;;;;;0;0;0;10;1;0;;0;1;;;;;0;0;0;
53;;Kolor kabla:select:1;Czarny:1;;;;;;0;0;0;10;1;0;;0;0;;;;;0;0;0;
53;;Kolor kabla:select:1;Biały:1;;;;;;0;0;0;10;1;0;;0;0;;;;;0;0;0;
54;;Kolor kabla:select:1;Miedziany:1;;;;;;0;0;0;10;1;0;;0;0;;;;;0;0;0;
54;;Kolor kabla:select:1;Srebrzysty:1;;;;;;0;0;0;10;1;0;;0;1;;;;;0;0;0;
54;;Kolor kabla:select:1;Czarny:1;;;;;;0;0;0;10;1;0;;0;0;;;;;0;0;0;
54;;Kolor kabla:select:1;Biały:1;;;;;;0;0;0;10;1;0;;0;0;;;;;0;0;0;
55;;Kolor kabla:select:1;Miedziany:1;;;;;;0;0;0;10;1;0;;0;0;;;;;0;0;0;
55;;Kolor kabla:select:1;Srebrzysty:1;;;;;;0;0;0;10;1;0;;0;1;;;;;0;0;0;
55;;Kolor kabla:select:1;Czarny:1;;;;;;0;0;0;10;1;0;;0;0;;;;;0;0;0;
55;;Kolor kabla:select:1;Biały:1;;;;;;0;0;0;10;1;0;;0;0;;;;;0;0;0;
56;;Kolor kabla:select:1;Miedziany:1;;;;;;0;0;0;10;1;0;;0;0;;;;;0;0;0;
56;;Kolor kabla:select:1;Srebrzysty:1;;;;;;0;0;0;10;1;0;;0;1;;;;;0;0;0;
56;;Kolor kabla:select:1;Czarny:1;;;;;;0;0;0;10;1;0;;0;0;;;;;0;0;0;
56;;Kolor kabla:select:1;Biały:1;;;;;;0;0;0;10;1;0;;0;0;;;;;0;0;0;
57;;Kolor kabla:select:1;Miedziany:1;;;;;;0;0;0;10;1;0;;0;0;;;;;0;0;0;
57;;Kolor kabla:select:1;Srebrzysty:1;;;;;;0;0;0;10;1;0;;0;1;;;;;0;0;0;
57;;Kolor kabla:select:1;Czarny:1;;;;;;0;0;0;10;1;0;;0;0;;;;;0;0;0;
57;;Kolor kabla:select:1;Biały:1;;;;;;0;0;0;10;1;0;;0;0;;;;;0;0;0;
58;;Kolor kabla:select:1;Miedziany:1;;;;;;0;0;0;10;1;0;;0;0;;;;;0;0;0;
58;;Kolor kabla:select:1;Srebrzysty:1;;;;;;0;0;0;10;1;0;;0;1;;;;;0;0;0;
58;;Kolor kabla:select:1;Czarny:1;;;;;;0;0;0;10;1;0;;0;0;;;;;0;0;0;
58;;Kolor kabla:select:1;Biały:1;;;;;;0;0;0;10;1;0;;0;0;;;;;0;0;0;
59;;Kolor kabla:select:1;Miedziany:1;;;;;;0;0;0;10;1;0;;0;0;;;;;0;0;0;
59;;Kolor kabla:select:1;Srebrzysty:1;;;;;;0;0;0;10;1;0;;0;1;;;;;0;0;0;
59;;Kolor kabla:select:1;Czarny:1;;;;;;0;0;0;10;1;0;;0;0;;;;;0;0;0;
59;;Kolor kabla:select:1;Biały:1;;;;;;0;0;0;10;1;0;;0;0;;;;;0;0;0;
60;;Kolor kabla:select:1;Miedziany:1;;;;;;0;0;0;10;1;0;;0;0;;;;;0;0;0;
60;;Kolor kabla:select:1;Srebrzysty:1;;;;;;0;0;0;10;1;0;;0;1;;;;;0;0;0;
60;;Kolor kabla:select:1;Czarny:1;;;;;;0;0;0;10;1;0;;0;0;;;;;0;0;0;
60;;Kolor kabla:select:1;Biały:1;;;;;;0;0;0;10;1;0;;0;0;;;;;0;0;0;
61;;Kolor kabla:select:1;Miedziany:1;;;;;;0;0;0;10;1;0;;0;0;;;;;0;0;0;
61;;Kolor kabla:select:1;Srebrzysty:1;;;;;;0;0;0;10;1;0;;0;1;;;;;0;0;0;
61;;Kolor kabla:select:1;Czarny:1;;;;;;0;0;0;10;1;0;;0;0;;;;;0;0;0;
61;;Kolor kabla:select:1;Biały:1;;;;;;0;0;0;10;1;0;;0;0;;;;;0;0;0;
62;;Kolor kabla:select:1;Miedziany:1;;;;;;0;0;0;10;1;0;;0;0;;;;;0;0;0;
62;;Kolor kabla:select:1;Srebrzysty:1;;;;;;0;0;0;10;1;0;;0;1;;;;;0;0;0;
62;;Kolor kabla:select:1;Czarny:1;;;;;;0;0;0;10;1;0;;0;0;;;;;0;0;0;
62;;Kolor kabla:select:1;Biały:1;;;;;;0;0;0;10;1;0;;0;0;;;;;0;0;0;
63;;Kolor kabla:select:1;Miedziany:1;;;;;;0;0;0;10;1;0;;0;0;;;;;0;0;0;
63;;Kolor kabla:select:1;Srebrzysty:1;;;;;;0;0;0;10;1;0;;0;1;;;;;0;0;0;
63;;Kolor kabla:select:1;Czarny:1;;;;;;0;0;0;10;1;0;;0;0;;;;;0;0;0;
63;;Kolor kabla:select:1;Biały:1;;;;;;0;0;0;10;1;0;;0;0;;;;;0;0;0;
64;;Kolor kabla:select:1;Miedziany:1;;;;;;0;0;0;10;1;0;;0;0;;;;;0;0;0;
64;;Kolor kabla:select:1;Srebrzysty:1;;;;;;0;0;0;10;1;0;;0;1;;;;;0;0;0;
64;;Kolor kabla:select:1;Czarny:1;;;;;;0;0;0;10;1;0;;0;0;;;;;0;0;0;
64;;Kolor kabla:select:1;Biały:1;;;;;;0;0;0;10;1;0;;0;0;;;;;0;0;0;
65;;Kolor kabla:select:1;Miedziany:1;;;;;;0;0;0;10;1;0;;0;0;;;;;0;0;0;
65;;Kolor kabla:select:1;Srebrzysty:1;;;;;;0;0;0;10;1;0;;0;1;;;;;0;0;0;
65;;Kolor kabla:select:1;Czarny:1;;;;;;0;0;0;10;1;0;;0;0;;;;;0;0;0;
65;;Kolor kabla:select:1;Biały:1;;;;;;0;0;0;10;1;0;;0;0;;;;;0;0;0;
66;;Kolor kabla:select:1;Miedziany:1;;;;;;0;0;0;10;1;0;;0;0;;;;;0;0;0;
66;;Kolor kabla:select:1;Srebrzysty:1;;;;;;0;0;0;10;1;0;;0;1;;;;;0;0;0;
66;;Kolor kabla:select:1;Czarny:1;;;;;;0;0;0;10;1;0;;0;0;;;;;0;0;0;
66;;Kolor kabla:select:1;Biały:1;;;;;;0;0;0;10;1;0;;0;0;;;;;0;0;0;
67;;Kolor kabla:select:1;Miedziany:1;;;;;;0;0;0;10;1;0;;0;0;;;;;0;0;0;
67;;Kolor kabla:select:1;Srebrzysty:1;;;;;;0;0;0;10;1;0;;0;1;;;;;0;0;0;
67;;Kolor kabla:select:1;Czarny:1;;;;;;0;0;0;10;1;0;;0;0;;;;;0;0;0;
67;;Kolor kabla:select:1;Biały:1;;;;;;0;0;0;10;1;0;;0;0;;;;;0;0;0;
68;;Kolor kabla:select:1;Miedziany:1;;;;;;0;0;0;10;1;0;;0;0;;;;;0;0;0;
68;;Kolor kabla:select:1;Srebrzysty:1;;;;;;0;0;0;10;1;0;;0;1;;;;;0;0;0;
68;;Kolor kabla:select:1;Czarny:1;;;;;;0;0;0;10;1;0;;0;0;;;;;0;0;0;
68;;Kolor kabla:select:1;Biały:1;;;;;;0;0;0;10;1;0;;0;0;;;;;0;0;0;
69;;Kolor kabla:select:1;Miedziany:1;;;;;;0;0;0;10;1;0;;0;0;;;;;0;0;0;
69;;Kolor kabla:select:1;Srebrzysty:1;;;;;;0;0;0;10;1;0;;0;1;;;;;0;0;0;
69;;Kolor kabla:select:1;Czarny:1;;;;;;0;0;0;10;1;0;;0;0;;;;;0;0;0;
69;;Kolor kabla:select:1;Biały:1;;;;;;0;0;0;10;1;0;;0;0;;;;;0;0;0;
70;;Kolor kabla:select:1;Miedziany:1;;;;;;0;0;0;10;1;0;;0;0;;;;;0;0;0;
70;;Kolor kabla:select:1;Srebrzysty:1;;;;;;0;0;0;10;1;0;;0;1;;;;;0;0;0;
70;;Kolor kabla:select:1;Czarny:1;;;;;;0;0;0;10;1;0;;0;0;;;;;0;0;0;
70;;Kolor kabla:select:1;Biały:1;;;;;;0;0;0;10;1;0;;0;0;;;;;0;0;0;
71;;Kolor kabla:select:1;Miedziany:1;;;;;;0;0;0;10;1;0;;0;0;;;;;0;0;0;
71;;Kolor kabla:select:1;Srebrzysty:1;;;;;;0;0;0;10;1;0;;0;1;;;;;0;0;0;
71;;Kolor kabla:select:1;Czarny:1;;;;;;0;0;0;10;1;0;;0;0;;;;;0;0;0;
71;;Kolor kabla:select:1;Biały:1;;;;;;0;0;0;10;1;0;;0;0;;;;;0;0;0;
72;;Kolor kabla:select:1;Miedziany:1;;;;;;0;0;0;10;1;0;;0;0;;;;;0;0;0;
72;;Kolor kabla:select:1;Srebrzysty:1;;;;;;0;0;0;10;1;0;;0;1;;;;;0;0;0;
72;;Kolor kabla:select:1;Czarny:1;;;;;;0;0;0;10;1;0;;0;0;;;;;0;0;0;
72;;Kolor kabla:select:1;Biały:1;;;;;;0;0;0;10;1;0;;0;0;;;;;0;0;0;
73;;Kolor kabla:select:1;Miedziany:1;;;;;;0;0;0;10;1;0;;0;0;;;;;0;0;0;
73;;Kolor kabla:select:1;Srebrzysty:1;;;;;;0;0;0;10;1;0;;0;1;;;;;0;0;0;
73;;Kolor kabla:select:1;Czarny:1;;;;;;0;0;0;10;1;0;;0;0;;;;;0;0;0;
73;;Kolor kabla:select:1;Biały:1;;;;;;0;0;0;10;1;0;;0;0;;;;;0;0;0;
74;;Kolor kabla:select:1;Miedziany:1;;;;;;0;0;0;10;1;0;;0;0;;;;;0;0;0;
74;;Kolor kabla:select:1;Srebrzysty:1;;;;;;0;0;0;10;1;0;;0;1;;;;;0;0;0;
74;;Kolor kabla:select:1;Czarny:1;;;;;;0;0;0;10;1;0;;0;0;;;;;0;0;0;
74;;Kolor kabla:select:1;Biały:1;;;;;;0;0;0;10;1;0;;0;0;;;;;0;0;0;
75;;Kolor kabla:select:1;Miedziany:1;;;;;;0;0;0;10;1;0;;0;0;;;;;0;0;0;
75;;Kolor kabla:select:1;Srebrzysty:1;;;;;;0;0;0;10;1;0;;0;1;;;;;0;0;0;
75;;Kolor kabla:select:1;Czarny:1;;;;;;0;0;0;10;1;0;;0;0;;;;;0;0;0;
75;;Kolor kabla:select:1;Biały:1;;;;;;0;0;0;10;1;0;;0;0;;;;;0;0;0;
76;;Kolor kabla:select:1;Miedziany:1;;;;;;0;0;0;10;1;0;;0;0;;;;;0;0;0;
76;;Kolor kabla:select:1;Srebrzysty:1;;;;;;0;0;0;10;1;0;;0;1;;;;;0;0;0;
76;;Kolor kabla:select:1;Czarny:1;;;;;;0;0;0;10;1;0;;0;0;;;;;0;0;0;
76;;Kolor kabla:select:1;Biały:1;;;;;;0;0;0;10;1;0;;0;0;;;;;0;0;0;
77;;Kolor kabla:select:1;Miedziany:1;;;;;;0;0;0;10;1;0;;0;0;;;;;0;0;0;
77;;Kolor kabla:select:1;Srebrzysty:1;;;;;;0;0;0;10;1;0;;0;1;;;;;0;0;0;
77;;Kolor kabla:select:1;Czarny:1;;;;;;0;0;0;10;1;0;;0;0;;;;;0;0;0;
77;;Kolor kabla:select:1;Biały:1;;;;;;0;0;0;10;1;0;;0;0;;;;;0;0;0;
78;;Kolor kabla:select:1;Miedziany:1;;;;;;0;0;0;10;1;0;;0;0;;;;;0;0;0;
78;;Kolor kabla:select:1;Srebrzysty:1;;;;;;0;0;0;10;1;0;;0;1;;;;;0;0;0;
78;;Kolor kabla:select:1;Czarny:1;;;;;;0;0;0;10;1;0;;0;0;;;;;0;0;0;
78;;Kolor kabla:select:1;Biały:1;;;;;;0;0;0;10;1;0;;0;0;;;;;0;0;0;
79;;Kolor kabla:select:1;Miedziany:1;;;;;;0;0;0;10;1;0;;0;0;;;;;0;0;0;
79;;Kolor kabla:select:1;Srebrzysty:1;;;;;;0;0;0;10;1;0;;0;1;;;;;0;0;0;
79;;Kolor kabla:select:1;Czarny:1;;;;;;0;0;0;10;1;0;;0;0;;;;;0;0;0;
79;;Kolor kabla:select:1;Biały:1;;;;;;0;0;0;10;1;0;;0;0;;;;;0;0;0;
80;;Kolor kabla:select:1;Miedziany:1;;;;;;0;0;0;10;1;0;;0;0;;;;;0;0;0;
80;;Kolor kabla:select:1;Srebrzysty:1;;;;;;0;0;0;10;1;0;;0;1;;;;;0;0;0;
80;;Kolor kabla:select:1;Czarny:1;;;;;;0;0;0;10;1;0;;0;0;;;;;0;0;0;
80;;Kolor kabla:select:1;Biały:1;;;;;;0;0;0;10;1;0;;0;0;;;;;0;0;0;
81;;Kolor kabla:select:1;Miedziany:1;;;;;;0;0;0;10;1;0;;0;0;;;;;0;0;0;
81;;Kolor kabla:select:1;Srebrzysty:1;;;;;;0;0;0;10;1;0;;0;1;;;;;0;0;0;
81;;Kolor kabla:select:1;Czarny:1;;;;;;0;0;0;10;1;0;;0;0;;;;;0;0;0;
81;;Kolor kabla:select:1;Biały:1;;;;;;0;0;0;10;1;0;;0;0;;;;;0;0;0;
82;;Kolor kabla:select:1;Miedziany:1;;;;;;0;0;0;10;1;0;;0;0;;;;;0;0;0;
82;;Kolor kabla:select:1;Srebrzysty:1;;;;;;0;0;0;10;1;0;;0;1;;;;;0;0;0;
82;;Kolor kabla:select:1;Czarny:1;;;;;;0;0;0;10;1;0;;0;0;;;;;0;0;0;
82;;Kolor kabla:select:1;Biały:1;;;;;;0;0;0;10;1;0;;0;0;;;;;0;0;0;
83;;Kolor kabla:select:1;Miedziany:1;;;;;;0;0;0;10;1;0;;0;0;;;;;0;0;0;
83;;Kolor kabla:select:1;Srebrzysty:1;;;;;;0;0;0;10;1;0;;0;1;;;;;0;0;0;
83;;Kolor kabla:select:1;Czarny:1;;;;;;0;0;0;10;1;0;;0;0;;;;;0;0;0;
83;;Kolor kabla:select:1;Biały:1;;;;;;0;0;0;10;1;0;;0;0;;;;;0;0;0;
84;;Kolor kabla:select:1;Miedziany:1;;;;;;0;0;0;10;1;0;;0;0;;;;;0;0;0;
84;;Kolor kabla:select:1;Srebrzysty:1;;;;;;0;0;0;10;1;0;;0;1;;;;;0;0;0;
84;;Kolor kabla:select:1;Czarny:1;;;;;;0;0;0;10;1;0;;0;0;;;;;0;0;0;
84;;Kolor kabla:select:1;Biały:1;;;;;;0;0;0;10;1;0;;0;0;;;;;0;0;0;
85;;Kolor kabla:select:1;Miedziany:1;;;;;;0;0;0;10;1;0;;0;0;;;;;0;0;0;
85;;Kolor kabla:select:1;Srebrzysty:1;;;;;;0;0;0;10;1;0;;0;1;;;;;0;0;0;
85;;Kolor kabla:select:1;Czarny:1;;;;;;0;0;0;10;1;0;;0;0;;;;;0;0;0;
85;;Kolor kabla:select:1;Biały:1;;;;;;0;0;0;10;1;0;;0;0;;;;;0;0;0;
86;;Kolor kabla:select:1;Miedziany:1;;;;;;0;0;0;10;1;0;;0;0;;;;;0;0;0;
86;;Kolor kabla:select:1;Srebrzysty:1;;;;;;0;0;0;10;1;0;;0;1;;;;;0;0;0;
86;;Kolor kabla:select:1;Czarny:1;;;;;;0;0;0;10;1;0;;0;0;;;;;0;0;0;
86;;Kolor kabla:select:1;Biały:1;;;;;;0;0;0;10;1;0;;0;0;;;;;0;0;0;
87;;Kolor kabla:select:1;Miedziany:1;;;;;;0;0;0;10;1;0;;0;0;;;;;0;0;0;
87;;Kolor kabla:select:1;Srebrzysty:1;;;;;;0;0;0;10;1;0;;0;1;;;;;0;0;0;
87;;Kolor kabla:select:1;Czarny:1;;;;;;0;0;0;10;1;0;;0;0;;;;;0;0;0;
87;;Kolor kabla:select:1;Biały:1;;;;;;0;0;0;10;1;0;;0;0;;;;;0;0;0;
88;;Kolor kabla:select:1;Miedziany:1;;;;;;0;0;0;10;1;0;;0;0;;;;;0;0;0;
88;;Kolor kabla:select:1;Srebrzysty:1;;;;;;0;0;0;10;1;0;;0;1;;;;;0;0;0;
88;;Kolor kabla:select:1;Czarny:1;;;;;;0;0;0;10;1;0;;0;0;;;;;0;0;0;
88;;Kolor kabla:select:1;Biały:1;;;;;;0;0;0;10;1;0;;0;0;;;;;0;0;0;
89;;Kolor kabla:select:1;Miedziany:1;;;;;;0;0;0;10;1;0;;0;0;;;;;0;0;0;
89;;Kolor kabla:select:1;Srebrzysty:1;;;;;;0;0;0;10;1;0;;0;1;;;;;0;0;0;
89;;Kolor kabla:select:1;Czarny:1;;;;;;0;0;0;10;1;0;;0;0;;;;;0;0;0;
89;;Kolor kabla:select:1;Biały:1;;;;;;0;0;0;10;1;0;;0;0;;;;;0;0;0;
90;;Kolor kabla:select:1;Miedziany:1;;;;;;0;0;0;10;1;0;;0;0;;;;;0;0;0;
90;;Kolor kabla:select:1;Srebrzysty:1;;;;;;0;0;0;10;1;0;;0;1;;;;;0;0;0;
90;;Kolor kabla:select:1;Czarny:1;;;;;;0;0;0;10;1;0;;0;0;;;;;0;0;0;
90;;Kolor kabla:select:1;Biały:1;;;;;;0;0;0;10;1;0;;0;0;;;;;0;0;0;
91;;Kolor kabla:select:1;Miedziany:1;;;;;;0;0;0;10;1;0;;0;0;;;;;0;0;0;
91;;Kolor kabla:select:1;Srebrzysty:1;;;;;;0;0;0;10;1;0;;0;1;;;;;0;0;0;
91;;Kolor kabla:select:1;Czarny:1;;;;;;0;0;0;10;1;0;;0;0;;;;;0;0;0;
91;;Kolor kabla:select:1;Biały:1;;;;;;0;0;0;10;1;0;;0;0;;;;;0;0;0;
92;;Kolor kabla:select:1;Miedziany:1;;;;;;0;0;0;10;1;0;;0;0;;;;;0;0;0;
92;;Kolor kabla:select:1;Srebrzysty:1;;;;;;0;0;0;10;1;0;;0;1;;;;;0;0;0;
92;;Kolor kabla:select:1;Czarny:1;;;;;;0;0;0;10;1;0;;0;0;;;;;0;0;0;
92;;Kolor kabla:select:1;Biały:1;;;;;;0;0;0;10;1;0;;0;0;;;;;0;0;0;
93;;Kolor kabla:select:1;Miedziany:1;;;;;;0;0;0;10;1;0;;0;0;;;;;0;0;0;
93;;Kolor kabla:select:1;Srebrzysty:1;;;;;;0;0;0;10;1;0;;0;1;;;;;0;0;0;
93;;Kolor kabla:select:1;Czarny:1;;;;;;0;0;0;10;1;0;;0;0;;;;;0;0;0;
93;;Kolor kabla:select:1;Biały:1;;;;;;0;0;0;10;1;0;;0;0;;;;;0;0;0;
94;;Kolor kabla:select:1;Miedziany:1;;;;;;0;0;0;10;1;0;;0;0;;;;;0;0;0;
94;;Kolor kabla:select:1;Srebrzysty:1;;;;;;0;0;0;10;1;0;;0;1;;;;;0;0;0;
94;;Kolor kabla:select:1;Czarny:1;;;;;;0;0;0;10;1;0;;0;0;;;;;0;0;0;
94;;Kolor kabla:select:1;Biały:1;;;;;;0;0;0;10;1;0;;0;0;;;;;0;0;0;
95;;Kolor kabla:select:1;Miedziany:1;;;;;;0;0;0;10;1;0;;0;0;;;;;0;0;0;
95;;Kolor kabla:select:1;Srebrzysty:1;;;;;;0;0;0;10;1;0;;0;1;;;;;0;0;0;
95;;Kolor kabla:select:1;Czarny:1;;;;;;0;0;0;10;1;0;;0;0;;;;;0;0;0;
95;;Kolor kabla:select:1;Biały:1;;;;;;0;0;0;10;1;0;;0;0;;;;;0;0;0;
96;;Kolor kabla:select:1;Miedziany:1;;;;;;0;0;0;10;1;0;;0;0;;;;;0;0;0;
96;;Kolor kabla:select:1;Srebrzysty:1;;;;;;0;0;0;10;1;0;;0;1;;;;;0;0;0;
96;;Kolor kabla:select:1;Czarny:1;;;;;;0;0;0;10;1;0;;0;0;;;;;0;0;0;
96;;Kolor kabla:select:1;Biały:1;;;;;;0;0;0;10;1;0;;0;0;;;;;0;0;0;
97;;Kolor kabla:select:1;Miedziany:1;;;;;;0;0;0;10;1;0;;0;0;;;;;0;0;0;
97;;Kolor kabla:select:1;Srebrzysty:1;;;;;;0;0;0;10;1;0;;0;1;;;;;0;0;0;
97;;Kolor kabla:select:1;Czarny:1;;;;;;0;0;0;10;1;0;;0;0;;;;;0;0;0;
97;;Kolor kabla:select:1;Biały:1;;;;;;0;0;0;10;1;0;;0;0;;;;;0;0;0;
98;;Kolor kabla:select:1;Miedziany:1;;;;;;0;0;0;10;1;0;;0;0;;;;;0;0;0;
98;;Kolor kabla:select:1;Srebrzysty:1;;;;;;0;0;0;10;1;0;;0;1;;;;;0;0;0;
98;;Kolor kabla:select:1;Czarny:1;;;;;;0;0;0;10;1;0;;0;0;;;;;0;0;0;
98;;Kolor kabla:select:1;Biały:1;;;;;;0;0;0;10;1;0;;0;0;;;;;0;0;0;
99;;Kolor kabla:select:1;Miedziany:1;;;;;;0;0;0;10;1;0;;0;0;;;;;0;0;0;
99;;Kolor kabla:select:1;Srebrzysty:1;;;;;;0;0;0;10;1;0;;0;1;;;;;0;0;0;
99;;Kolor kabla:select:1;Czarny:1;;;;;;0;0;0;10;1;0;;0;0;;;;;0;0;0;
99;;Kolor kabla:select:1;Biały:1;;;;;;0;0;0;10;1;0;;0;0;;;;;0;0;0;
100;;Kolor kabla:select:1;Miedziany:1;;;;;;0;0;0;10;1;0;;0;0;;;;;0;0;0;
100;;Kolor kabla:select:1;Srebrzysty:1;;;;;;0;0;0;10;1;0;;0;1;;;;;0;0;0;
100;;Kolor kabla:select:1;Czarny:1;;;;;;0;0;0;10;1;0;;0;0;;;;;0;0;0;
100;;Kolor kabla:select:1;Biały:1;;;;;;0;0;0;10;1;0;;0;0;;;;;0;0;0;
101;;Kolor kabla:select:1;Miedziany:1;;;;;;0;0;0;10;1;0;;0;0;;;;;0;0;0;
101;;Kolor kabla:select:1;Srebrzysty:1;;;;;;0;0;0;10;1;0;;0;1;;;;;0;0;0;
101;;Kolor kabla:select:1;Czarny:1;;;;;;0;0;0;10;1;0;;0;0;;;;;0;0;0;
101;;Kolor kabla:select:1;Biały:1;;;;;;0;0;0;10;1;0;;0;0;;;;;0;0;0;
102;;Kolor kabla:select:1;Miedziany:1;;;;;;0;0;0;10;1;0;;0;0;;;;;0;0;0;
102;;Kolor kabla:select:1;Srebrzysty:1;;;;;;0;0;0;10;1;0;;0;1;;;;;0;0;0;
102;;Kolor kabla:select:1;Czarny:1;;;;;;0;0;0;10;1;0;;0;0;;;;;0;0;0;
102;;Kolor kabla:select:1;Biały:1;;;;;;0;0;0;10;1;0;;0;0;;;;;0;0;0;
103;;Kolor kabla:select:1;Miedziany:1;;;;;;0;0;0;10;1;0;;0;0;;;;;0;0;0;
103;;Kolor kabla:select:1;Srebrzysty:1;;;;;;0;0;0;10;1;0;;0;1;;;;;0;0;0;
103;;Kolor kabla:select:1;Czarny:1;;;;;;0;0;0;10;1;0;;0;0;;;;;0;0;0;
103;;Kolor kabla:select:1;Biały:1;;;;;;0;0;0;10;1;0;;0;0;;;;;0;0;0;
104;;Kolor kabla:select:1;Miedziany:1;;;;;;0;0;0;10;1;0;;0;0;;;;;0;0;0;
104;;Kolor kabla:select:1;Srebrzysty:1;;;;;;0;0;0;10;1;0;;0;1;;;;;0;0;0;
104;;Kolor kabla:select:1;Czarny:1;;;;;;0;0;0;10;1;0;;0;0;;;;;0;0;0;
104;;Kolor kabla:select:1;Biały:1;;;;;;0;0;0;10;1;0;;0;0;;;;;0;0;0;
105;;Kolor kabla:select:1;Miedziany:1;;;;;;0;0;0;10;1;0;;0;0;;;;;0;0;0;
105;;Kolor kabla:select:1;Srebrzysty:1;;;;;;0;0;0;10;1;0;;0;1;;;;;0;0;0;
105;;Kolor kabla:select:1;Czarny:1;;;;;;0;0;0;10;1;0;;0;0;;;;;0;0;0;
105;;Kolor kabla:select:1;Biały:1;;;;;;0;0;0;10;1;0;;0;0;;;;;0;0;0;
106;;Kolor kabla:select:1;Miedziany:1;;;;;;0;0;0;10;1;0;;0;0;;;;;0;0;0;
106;;Kolor kabla:select:1;Srebrzysty:1;;;;;;0;0;0;10;1;0;;0;1;;;;;0;0;0;
106;;Kolor kabla:select:1;Czarny:1;;;;;;0;0;0;10;1;0;;0;0;;;;;0;0;0;
106;;Kolor kabla:select:1;Biały:1;;;;;;0;0;0;10;1;0;;0;0;;;;;0;0;0;
107;;Kolor kabla:select:1;Miedziany:1;;;;;;0;0;0;10;1;0;;0;0;;;;;0;0;0;
107;;Kolor kabla:select:1;Srebrzysty:1;;;;;;0;0;0;10;1;0;;0;1;;;;;0;0;0;
107;;Kolor kabla:select:1;Czarny:1;;;;;;0;0;0;10;1;0;;0;0;;;;;0;0;0;
107;;Kolor kabla:select:1;Biały:1;;;;;;0;0;0;10;1;0;;0;0;;;;;0;0;0;
108;;Kolor kabla:select:1;Miedziany:1;;;;;;0;0;0;10;1;0;;0;0;;;;;0;0;0;
108;;Kolor kabla:select:1;Srebrzysty:1;;;;;;0;0;0;10;1;0;;0;1;;;;;0;0;0;
108;;Kolor kabla:select:1;Czarny:1;;;;;;0;0;0;10;1;0;;0;0;;;;;0;0;0;
108;;Kolor kabla:select:1;Biały:1;;;;;;0;0;0;10;1;0;;0;0;;;;;0;0;0;
109;;Kolor kabla:select:1;Miedziany:1;;;;;;0;0;0;10;1;0;;0;0;;;;;0;0;0;
109;;Kolor kabla:select:1;Srebrzysty:1;;;;;;0;0;0;10;1;0;;0;1;;;;;0;0;0;
109;;Kolor kabla:select:1;Czarny:1;;;;;;0;0;0;10;1;0;;0;0;;;;;0;0;0;
109;;Kolor kabla:select:1;Biały:1;;;;;;0;0;0;10;1;0;;0;0;;;;;0;0;0;
110;;Kolor kabla:select:1;Miedziany:1;;;;;;0;0;0;10;1;0;;0;0;;;;;0;0;0;
110;;Kolor kabla:select:1;Srebrzysty:1;;;;;;0;0;0;10;1;0;;0;1;;;;;0;0;0;
110;;Kolor kabla:select:1;Czarny:1;;;;;;0;0;0;10;1;0;;0;0;;;;;0;0;0;
110;;Kolor kabla:select:1;Biały:1;;;;;;0;0;0;10;1;0;;0;0;;;;;0;0;0;
111;;Kolor kabla:select:1;Miedziany:1;;;;;;0;0;0;10;1;0;;0;0;;;;;0;0;0;
111;;Kolor kabla:select:1;Srebrzysty:1;;;;;;0;0;0;10;1;0;;0;1;;;;;0;0;0;
111;;Kolor kabla:select:1;Czarny:1;;;;;;0;0;0;10;1;0;;0;0;;;;;0;0;0;
111;;Kolor kabla:select:1;Biały:1;;;;;;0;0;0;10;1;0;;0;0;;;;;0;0;0;
112;;Kolor kabla:select:1;Miedziany:1;;;;;;0;0;0;10;1;0;;0;0;;;;;0;0;0;
112;;Kolor kabla:select:1;Srebrzysty:1;;;;;;0;0;0;10;1;0;;0;1;;;;;0;0;0;
112;;Kolor kabla:select:1;Czarny:1;;;;;;0;0;0;10;1;0;;0;0;;;;;0;0;0;
112;;Kolor kabla:select:1;Biały:1;;;;;;0;0;0;10;1;0;;0;0;;;;;0;0;0;
113;;Kolor kabla:select:1;Miedziany:1;;;;;;0;0;0;10;1;0;;0;0;;;;;0;0;0;
113;;Kolor kabla:select:1;Srebrzysty:1;;;;;;0;0;0;10;1;0;;0;1;;;;;0;0;0;
113;;Kolor kabla:select:1;Czarny:1;;;;;;0;0;0;10;1;0;;0;0;;;;;0;0;0;
113;;Kolor kabla:select:1;Biały:1;;;;;;0;0;0;10;1;0;;0;0;;;;;0;0;0;
114;;Kolor kabla:select:1;Miedziany:1;;;;;;0;0;0;10;1;0;;0;0;;;;;0;0;0;
114;;Kolor kabla:select:1;Srebrzysty:1;;;;;;0;0;0;10;1;0;;0;1;;;;;0;0;0;
114;;Kolor kabla:select:1;Czarny:1;;;;;;0;0;0;10;1;0;;0;0;;;;;0;0;0;
114;;Kolor kabla:select:1;Biały:1;;;;;;0;0;0;10;1;0;;0;0;;;;;0;0;0;
115;;Kolor kabla:select:1;Miedziany:1;;;;;;0;0;0;10;1;0;;0;0;;;;;0;0;0;
115;;Kolor kabla:select:1;Srebrzysty:1;;;;;;0;0;0;10;1;0;;0;1;;;;;0;0;0;
115;;Kolor kabla:select:1;Czarny:1;;;;;;0;0;0;10;1;0;;0;0;;;;;0;0;0;
115;;Kolor kabla:select:1;Biały:1;;;;;;0;0;0;10;1;0;;0;0;;;;;0;0;0;
116;;Kolor kabla:select:1;Miedziany:1;;;;;;0;0;0;10;1;0;;0;0;;;;;0;0;0;
116;;Kolor kabla:select:1;Srebrzysty:1;;;;;;0;0;0;10;1;0;;0;1;;;;;0;0;0;
116;;Kolor kabla:select:1;Czarny:1;;;;;;0;0;0;10;1;0;;0;0;;;;;0;0;0;
116;;Kolor kabla:select:1;Biały:1;;;;;;0;0;0;10;1;0;;0;0;;;;;0;0;0;
117;;Kolor kabla:select:1;Miedziany:1;;;;;;0;0;0;10;1;0;;0;0;;;;;0;0;0;
117;;Kolor kabla:select:1;Srebrzysty:1;;;;;;0;0;0;10;1;0;;0;1;;;;;0;0;0;
117;;Kolor kabla:select:1;Czarny:1;;;;;;0;0;0;10;1;0;;0;0;;;;;0;0;0;
117;;Kolor kabla:select:1;Biały:1;;;;;;0;0;0;10;1;0;;0;0;;;;;0;0;0;
118;;Kolor kabla:select:1;Miedziany:1;;;;;;0;0;0;10;1;0;;0;0;;;;;0;0;0;
118;;Kolor kabla:select:1;Srebrzysty:1;;;;;;0;0;0;10;1;0;;0;1;;;;;0;0;0;
118;;Kolor kabla:select:1;Czarny:1;;;;;;0;0;0;10;1;0;;0;0;;;;;0;0;0;
118;;Kolor kabla:select:1;Biały:1;;;;;;0;0;0;10;1;0;;0;0;;;;;0;0;0;
119;;Kolor kabla:select:1;Miedziany:1;;;;;;0;0;0;10;1;0;;0;0;;;;;0;0;0;
119;;Kolor kabla:select:1;Srebrzysty:1;;;;;;0;0;0;10;1;0;;0;1;;;;;0;0;0;
119;;Kolor kabla:select:1;Czarny:1;;;;;;0;0;0;10;1;0;;0;0;;;;;0;0;0;
119;;Kolor kabla:select:1;Biały:1;;;;;;0;0;0;10;1;0;;0;0;;;;;0;0;0;
120;;Kolor kabla:select:1;Miedziany:1;;;;;;0;0;0;10;1;0;;0;0;;;;;0;0;0;
120;;Kolor kabla:select:1;Srebrzysty:1;;;;;;0;0;0;10;1;0;;0;1;;;;;0;0;0;
120;;Kolor kabla:select:1;Czarny:1;;;;;;0;0;0;10;1;0;;0;0;;;;;0;0;0;
120;;Kolor kabla:select:1;Biały:1;;;;;;0;0;0;10;1;0;;0;0;;;;;0;0;0;
121;;Kolor kabla:select:1;Miedziany:1;;;;;;0;0;0;10;1;0;;0;0;;;;;0;0;0;
121;;Kolor kabla:select:1;Srebrzysty:1;;;;;;0;0;0;10;1;0;;0;1;;;;;0;0;0;
121;;Kolor kabla:select:1;Czarny:1;;;;;;0;0;0;10;1;0;;0;0;;;;;0;0;0;
121;;Kolor kabla:select:1;Biały:1;;;;;;0;0;0;10;1;0;;0;0;;;;;0;0;0;
122;;Kolor kabla:select:1;Miedziany:1;;;;;;0;0;0;10;1;0;;0;0;;;;;0;0;0;
122;;Kolor kabla:select:1;Srebrzysty:1;;;;;;0;0;0;10;1;0;;0;1;;;;;0;0;0;
122;;Kolor kabla:select:1;Czarny:1;;;;;;0;0;0;10;1;0;;0;0;;;;;0;0;0;
122;;Kolor kabla:select:1;Biały:1;;;;;;0;0;0;10;1;0;;0;0;;;;;0;0;0;
123;;Kolor kabla:select:1;Miedziany:1;;;;;;0;0;0;10;1;0;;0;0;;;;;0;0;0;
123;;Kolor kabla:select:1;Srebrzysty:1;;;;;;0;0;0;10;1;0;;0;1;;;;;0;0;0;
123;;Kolor kabla:select:1;Czarny:1;;;;;;0;0;0;10;1;0;;0;0;;;;;0;0;0;
123;;Kolor kabla:select:1;Biały:1;;;;;;0;0;0;10;1;0;;0;0;;;;;0;0;0;
124;;Kolor kabla:select:1;Miedziany:1;;;;;;0;0;0;10;1;0;;0;0;;;;;0;0;0;
124;;Kolor kabla:select:1;Srebrzysty:1;;;;;;0;0;0;10;1;0;;0;1;;;;;0;0;0;
124;;Kolor kabla:select:1;Czarny:1;;;;;;0;0;0;10;1;0;;0;0;;;;;0;0;0;
124;;Kolor kabla:select:1;Biały:1;;;;;;0;0;0;10;1;0;;0;0;;;;;0;0;0;
125;;Kolor kabla:select:1;Miedziany:1;;;;;;0;0;0;10;1;0;;0;0;;;;;0;0;0;
125;;Kolor kabla:select:1;Srebrzysty:1;;;;;;0;0;0;10;1;0;;0;1;;;;;0;0;0;
125;;Kolor kabla:select:1;Czarny:1;;;;;;0;0;0;10;1;0;;0;0;;;;;0;0;0;
125;;Kolor kabla:select:1;Biały:1;;;;;;0;0;0;10;1;0;;0;0;;;;;0;0;0;
126;;Kolor kabla:select:1;Miedziany:1;;;;;;0;0;0;10;1;0;;0;0;;;;;0;0;0;
126;;Kolor kabla:select:1;Srebrzysty:1;;;;;;0;0;0;10;1;0;;0;1;;;;;0;0;0;
126;;Kolor kabla:select:1;Czarny:1;;;;;;0;0;0;10;1;0;;0;0;;;;;0;0;0;
126;;Kolor kabla:select:1;Biały:1;;;;;;0;0;0;10;1;0;;0;0;;;;;0;0;0;
127;;Kolor kabla:select:1;Miedziany:1;;;;;;0;0;0;10;1;0;;0;0;;;;;0;0;0;
127;;Kolor kabla:select:1;Srebrzysty:1;;;;;;0;0;0;10;1;0;;0;1;;;;;0;0;0;
127;;Kolor kabla:select:1;Czarny:1;;;;;;0;0;0;10;1;0;;0;0;;;;;0;0;0;
127;;Kolor kabla:select:1;Biały:1;;;;;;0;0;0;10;1;0;;0;0;;;;;0;0;0;
128;;Kolor kabla:select:1;Miedziany:1;;;;;;0;0;0;10;1;0;;0;0;;;;;0;0;0;
128;;Kolor kabla:select:1;Srebrzysty:1;;;;;;0;0;0;10;1;0;;0;1;;;;;0;0;0;
128;;Kolor kabla:select:1;Czarny:1;;;;;;0;0;0;10;1;0;;0;0;;;;;0;0;0;
128;;Kolor kabla:select:1;Biały:1;;;;;;0;0;0;10;1;0;;0;0;;;;;0;0;0;
129;;Kolor kabla:select:1;Miedziany:1;;;;;;0;0;0;10;1;0;;0;0;;;;;0;0;0;
129;;Kolor kabla:select:1;Srebrzysty:1;;;;;;0;0;0;10;1;0;;0;1;;;;;0;0;0;
129;;Kolor kabla:select:1;Czarny:1;;;;;;0;0;0;10;1;0;;0;0;;;;;0;0;0;
129;;Kolor kabla:select:1;Biały:1;;;;;;0;0;0;10;1;0;;0;0;;;;;0;0;0;
130;;Kolor kabla:select:1;Miedziany:1;;;;;;0;0;0;10;1;0;;0;0;;;;;0;0;0;
130;;Kolor kabla:select:1;Srebrzysty:1;;;;;;0;0;0;10;1;0;;0;1;;;;;0;0;0;
130;;Kolor kabla:select:1;Czarny:1;;;;;;0;0;0;10;1;0;;0;0;;;;;0;0;0;
130;;Kolor kabla:select:1;Biały:1;;;;;;0;0;0;10;1;0;;0;0;;;;;0;0;0;
131;;Kolor kabla:select:1;Miedziany:1;;;;;;0;0;0;10;1;0;;0;0;;;;;0;0;0;
131;;Kolor kabla:select:1;Srebrzysty:1;;;;;;0;0;0;10;1;0;;0;1;;;;;0;0;0;
131;;Kolor kabla:select:1;Czarny:1;;;;;;0;0;0;10;1;0;;0;0;;;;;0;0;0;
131;;Kolor kabla:select:1;Biały:1;;;;;;0;0;0;10;1;0;;0;0;;;;;0;0;0;
132;;Kolor kabla:select:1;Miedziany:1;;;;;;0;0;0;10;1;0;;0;0;;;;;0;0;0;
132;;Kolor kabla:select:1;Srebrzysty:1;;;;;;0;0;0;10;1;0;;0;1;;;;;0;0;0;
132;;Kolor kabla:select:1;Czarny:1;;;;;;0;0;0;10;1;0;;0;0;;;;;0;0;0;
132;;Kolor kabla:select:1;Biały:1;;;;;;0;0;0;10;1;0;;0;0;;;;;0;0;0;
133;;Kolor kabla:select:1;Miedziany:1;;;;;;0;0;0;10;1;0;;0;0;;;;;0;0;0;
133;;Kolor kabla:select:1;Srebrzysty:1;;;;;;0;0;0;10;1;0;;0;1;;;;;0;0;0;
133;;Kolor kabla:select:1;Czarny:1;;;;;;0;0;0;10;1;0;;0;0;;;;;0;0;0;
133;;Kolor kabla:select:1;Biały:1;;;;;;0;0;0;10;1;0;;0;0;;;;;0;0;0;
134;;Kolor kabla:select:1;Miedziany:1;;;;;;0;0;0;10;1;0;;0;0;;;;;0;0;0;
134;;Kolor kabla:select:1;Srebrzysty:1;;;;;;0;0;0;10;1;0;;0;1;;;;;0;0;0;
134;;Kolor kabla:select:1;Czarny:1;;;;;;0;0;0;10;1;0;;0;0;;;;;0;0;0;
134;;Kolor kabla:select:1;Biały:1;;;;;;0;0;0;10;1;0;;0;0;;;;;0;0;0;
135;;Kolor kabla:select:1;Miedziany:1;;;;;;0;0;0;10;1;0;;0;0;;;;;0;0;0;
135;;Kolor kabla:select:1;Srebrzysty:1;;;;;;0;0;0;10;1;0;;0;1;;;;;0;0;0;
135;;Kolor kabla:select:1;Czarny:1;;;;;;0;0;0;10;1;0;;0;0;;;;;0;0;0;
135;;Kolor kabla:select:1;Biały:1;;;;;;0;0;0;10;1;0;;0;0;;;;;0;0;0;
136;;Kolor kabla:select:1;Miedziany:1;;;;;;0;0;0;10;1;0;;0;0;;;;;0;0;0;
136;;Kolor kabla:select:1;Srebrzysty:1;;;;;;0;0;0;10;1;0;;0;1;;;;;0;0;0;
136;;Kolor kabla:select:1;Czarny:1;;;;;;0;0;0;10;1;0;;0;0;;;;;0;0;0;
136;;Kolor kabla:select:1;Biały:1;;;;;;0;0;0;10;1;0;;0;0;;;;;0;0;0;
137;;Kolor kabla:select:1;Miedziany:1;;;;;;0;0;0;10;1;0;;0;0;;;;;0;0;0;
137;;Kolor kabla:select:1;Srebrzysty:1;;;;;;0;0;0;10;1;0;;0;1;;;;;0;0;0;
137;;Kolor kabla:select:1;Czarny:1;;;;;;0;0;0;10;1;0;;0;0;;;;;0;0;0;
137;;Kolor kabla:select:1;Biały:1;;;;;;0;0;0;10;1;0;;0;0;;;;;0;0;0;
138;;Kolor kabla:select:1;Miedziany:1;;;;;;0;0;0;10;1;0;;0;0;;;;;0;0;0;
138;;Kolor kabla:select:1;Srebrzysty:1;;;;;;0;0;0;10;1;0;;0;1;;;;;0;0;0;
138;;Kolor kabla:select:1;Czarny:1;;;;;;0;0;0;10;1;0;;0;0;;;;;0;0;0;
138;;Kolor kabla:select:1;Biały:1;;;;;;0;0;0;10;1;0;;0;0;;;;;0;0;0;
139;;Kolor kabla:select:1;Miedziany:1;;;;;;0;0;0;10;1;0;;0;0;;;;;0;0;0;
139;;Kolor kabla:select:1;Srebrzysty:1;;;;;;0;0;0;10;1;0;;0;1;;;;;0;0;0;
139;;Kolor kabla:select:1;Czarny:1;;;;;;0;0;0;10;1;0;;0;0;;;;;0;0;0;
139;;Kolor kabla:select:1;Biały:1;;;;;;0;0;0;10;1;0;;0;0;;;;;0;0;0;
140;;Kolor kabla:select:1;Miedziany:1;;;;;;0;0;0;10;1;0;;0;0;;;;;0;0;0;
140;;Kolor kabla:select:1;Srebrzysty:1;;;;;;0;0;0;10;1;0;;0;1;;;;;0;0;0;
140;;Kolor kabla:select:1;Czarny:1;;;;;;0;0;0;10;1;0;;0;0;;;;;0;0;0;
140;;Kolor kabla:select:1;Biały:1;;;;;;0;0;0;10;1;0;;0;0;;;;;0;0;0;
141;;Kolor kabla:select:1;Miedziany:1;;;;;;0;0;0;10;1;0;;0;0;;;;;0;0;0;
141;;Kolor kabla:select:1;Srebrzysty:1;;;;;;0;0;0;10;1;0;;0;1;;;;;0;0;0;
141;;Kolor kabla:select:1;Czarny:1;;;;;;0;0;0;10;1;0;;0;0;;;;;0;0;0;
141;;Kolor kabla:select:1;Biały:1;;;;;;0;0;0;10;1;0;;0;0;;;;;0;0;0;
142;;Kolor kabla:select:1;Miedziany:1;;;;;;0;0;0;10;1;0;;0;0;;;;;0;0;0;
142;;Kolor kabla:select:1;Srebrzysty:1;;;;;;0;0;0;10;1;0;;0;1;;;;;0;0;0;
142;;Kolor kabla:select:1;Czarny:1;;;;;;0;0;0;10;1;0;;0;0;;;;;0;0;0;
142;;Kolor kabla:select:1;Biały:1;;;;;;0;0;0;10;1;0;;0;0;;;;;0;0;0;
143;;Kolor kabla:select:1;Miedziany:1;;;;;;0;0;0;10;1;0;;0;0;;;;;0;0;0;
143;;Kolor kabla:select:1;Srebrzysty:1;;;;;;0;0;0;10;1;0;;0;1;;;;;0;0;0;
143;;Kolor kabla:select:1;Czarny:1;;;;;;0;0;0;10;1;0;;0;0;;;;;0;0;0;
143;;Kolor kabla:select:1;Biały:1;;;;;;0;0;0;10;1;0;;0;0;;;;;0;0;0;
144;;Kolor kabla:select:1;Miedziany:1;;;;;;0;0;0;10;1;0;;0;0;;;;;0;0;0;
144;;Kolor kabla:select:1;Srebrzysty:1;;;;;;0;0;0;10;1;0;;0;1;;;;;0;0;0;
144;;Kolor kabla:select:1;Czarny:1;;;;;;0;0;0;10;1;0;;0;0;;;;;0;0;0;
144;;Kolor kabla:select:1;Biały:1;;;;;;0;0;0;10;1;0;;0;0;;;;;0;0;0;
145;;Kolor kabla:select:1;Miedziany:1;;;;;;0;0;0;10;1;0;;0;0;;;;;0;0;0;
145;;Kolor kabla:select:1;Srebrzysty:1;;;;;;0;0;0;10;1;0;;0;1;;;;;0;0;0;
145;;Kolor kabla:select:1;Czarny:1;;;;;;0;0;0;10;1;0;;0;0;;;;;0;0;0;
145;;Kolor kabla:select:1;Biały:1;;;;;;0;0;0;10;1;0;;0;0;;;;;0;0;0;
146;;Kolor kabla:select:1;Miedziany:1;;;;;;0;0;0;10;1;0;;0;0;;;;;0;0;0;
146;;Kolor kabla:select:1;Srebrzysty:1;;;;;;0;0;0;10;1;0;;0;1;;;;;0;0;0;
146;;Kolor kabla:select:1;Czarny:1;;;;;;0;0;0;10;1;0;;0;0;;;;;0;0;0;
146;;Kolor kabla:select:1;Biały:1;;;;;;0;0;0;10;1;0;;0;0;;;;;0;0;0;
147;;Kolor kabla:select:1;Miedziany:1;;;;;;0;0;0;10;1;0;;0;0;;;;;0;0;0;
147;;Kolor kabla:select:1;Srebrzysty:1;;;;;;0;0;0;10;1;0;;0;1;;;;;0;0;0;
147;;Kolor kabla:select:1;Czarny:1;;;;;;0;0;0;10;1;0;;0;0;;;;;0;0;0;
147;;Kolor kabla:select:1;Biały:1;;;;;;0;0;0;10;1;0;;0;0;;;;;0;0;0;
148;;Kolor kabla:select:1;Miedziany:1;;;;;;0;0;0;10;1;0;;0;0;;;;;0;0;0;
148;;Kolor kabla:select:1;Srebrzysty:1;;;;;;0;0;0;10;1;0;;0;1;;;;;0;0;0;
148;;Kolor kabla:select:1;Czarny:1;;;;;;0;0;0;10;1;0;;0;0;;;;;0;0;0;
148;;Kolor kabla:select:1;Biały:1;;;;;;0;0;0;10;1;0;;0;0;;;;;0;0;0;
149;;Kolor kabla:select:1;Miedziany:1;;;;;;0;0;0;10;1;0;;0;0;;;;;0;0;0;
149;;Kolor kabla:select:1;Srebrzysty:1;;;;;;0;0;0;10;1;0;;0;1;;;;;0;0;0;
149;;Kolor kabla:select:1;Czarny:1;;;;;;0;0;0;10;1;0;;0;0;;;;;0;0;0;
149;;Kolor kabla:select:1;Biały:1;;;;;;0;0;0;10;1;0;;0;0;;;;;0;0;0;
150;;Kolor kabla:select:1;Miedziany:1;;;;;;0;0;0;10;1;0;;0;0;;;;;0;0;0;
150;;Kolor kabla:select:1;Srebrzysty:1;;;;;;0;0;0;10;1;0;;0;1;;;;;0;0;0;
150;;Kolor kabla:select:1;Czarny:1;;;;;;0;0;0;10;1;0;;0;0;;;;;0;0;0;
150;;Kolor kabla:select:1;Biały:1;;;;;;0;0;0;10;1;0;;0;0;;;;;0;0;0;
151;;Kolor kabla:select:1;Miedziany:1;;;;;;0;0;0;10;1;0;;0;0;;;;;0;0;0;
151;;Kolor kabla:select:1;Srebrzysty:1;;;;;;0;0;0;10;1;0;;0;1;;;;;0;0;0;
151;;Kolor kabla:select:1;Czarny:1;;;;;;0;0;0;10;1;0;;0;0;;;;;0;0;0;
151;;Kolor kabla:select:1;Biały:1;;;;;;0;0;0;10;1;0;;0;0;;;;;0;0;0;
152;;Kolor kabla:select:1;Miedziany:1;;;;;;0;0;0;10;1;0;;0;0;;;;;0;0;0;
152;;Kolor kabla:select:1;Srebrzysty:1;;;;;;0;0;0;10;1;0;;0;1;;;;;0;0;0;
152;;Kolor kabla:select:1;Czarny:1;;;;;;0;0;0;10;1;0;;0;0;;;;;0;0;0;
152;;Kolor kabla:select:1;Biały:1;;;;;;0;0;0;10;1;0;;0;0;;;;;0;0;0;
153;;Kolor kabla:select:1;Miedziany:1;;;;;;0;0;0;10;1;0;;0;0;;;;;0;0;0;
153;;Kolor kabla:select:1;Srebrzysty:1;;;;;;0;0;0;10;1;0;;0;1;;;;;0;0;0;
153;;Kolor kabla:select:1;Czarny:1;;;;;;0;0;0;10;1;0;;0;0;;;;;0;0;0;
153;;Kolor kabla:select:1;Biały:1;;;;;;0;0;0;10;1;0;;0;0;;;;;0;0;0;
154;;Kolor kabla:select:1;Miedziany:1;;;;;;0;0;0;10;1;0;;0;0;;;;;0;0;0;
154;;Kolor kabla:select:1;Srebrzysty:1;;;;;;0;0;0;10;1;0;;0;1;;;;;0;0;0;
154;;Kolor kabla:select:1;Czarny:1;;;;;;0;0;0;10;1;0;;0;0;;;;;0;0;0;
154;;Kolor kabla:select:1;Biały:1;;;;;;0;0;0;10;1;0;;0;0;;;;;0;0;0;
155;;Kolor kabla:select:1;Miedziany:1;;;;;;0;0;0;10;1;0;;0;0;;;;;0;0;0;
155;;Kolor kabla:select:1;Srebrzysty:1;;;;;;0;0;0;10;1;0;;0;1;;;;;0;0;0;
155;;Kolor kabla:select:1;Czarny:1;;;;;;0;0;0;10;1;0;;0;0;;;;;0;0;0;
155;;Kolor kabla:select:1;Biały:1;;;;;;0;0;0;10;1;0;;0;0;;;;;0;0;0;
156;;Kolor kabla:select:1;Miedziany:1;;;;;;0;0;0;10;1;0;;0;0;;;;;0;0;0;
156;;Kolor kabla:select:1;Srebrzysty:1;;;;;;0;0;0;10;1;0;;0;1;;;;;0;0;0;
156;;Kolor kabla:select:1;Czarny:1;;;;;;0;0;0;10;1;0;;0;0;;;;;0;0;0;
156;;Kolor kabla:select:1;Biały:1;;;;;;0;0;0;10;1;0;;0;0;;;;;0;0;0;
157;;Kolor kabla:select:1;Miedziany:1;;;;;;0;0;0;10;1;0;;0;0;;;;;0;0;0;
157;;Kolor kabla:select:1;Srebrzysty:1;;;;;;0;0;0;10;1;0;;0;1;;;;;0;0;0;
157;;Kolor kabla:select:1;Czarny:1;;;;;;0;0;0;10;1;0;;0;0;;;;;0;0;0;
157;;Kolor kabla:select:1;Biały:1;;;;;;0;0;0;10;1;0;;0;0;;;;;0;0;0;
158;;Kolor kabla:select:1;Miedziany:1;;;;;;0;0;0;10;1;0;;0;0;;;;;0;0;0;
158;;Kolor kabla:select:1;Srebrzysty:1;;;;;;0;0;0;10;1;0;;0;1;;;;;0;0;0;
158;;Kolor kabla:select:1;Czarny:1;;;;;;0;0;0;10;1;0;;0;0;;;;;0;0;0;
158;;Kolor kabla:select:1;Biały:1;;;;;;0;0;0;10;1;0;;0;0;;;;;0;0;0;
159;;Kolor kabla:select:1;Miedziany:1;;;;;;0;0;0;10;1;0;;0;0;;;;;0;0;0;
159;;Kolor kabla:select:1;Srebrzysty:1;;;;;;0;0;0;10;1;0;;0;1;;;;;0;0;0;
159;;Kolor kabla:select:1;Czarny:1;;;;;;0;0;0;10;1;0;;0;0;;;;;0;0;0;
159;;Kolor kabla:select:1;Biały:1;;;;;;0;0;0;10;1;0;;0;0;;;;;0;0;0;
160;;Kolor kabla:select:1;Miedziany:1;;;;;;0;0;0;10;1;0;;0;0;;;;;0;0;0;
160;;Kolor kabla:select:1;Srebrzysty:1;;;;;;0;0;0;10;1;0;;0;1;;;;;0;0;0;
160;;Kolor kabla:select:1;Czarny:1;;;;;;0;0;0;10;1;0;;0;0;;;;;0;0;0;
160;;Kolor kabla:select:1;Biały:1;;;;;;0;0;0;10;1;0;;0;0;;;;;0;0;0;
161;;Kolor kabla:select:1;Miedziany:1;;;;;;0;0;0;10;1;0;;0;0;;;;;0;0;0;
161;;Kolor kabla:select:1;Srebrzysty:1;;;;;;0;0;0;10;1;0;;0;1;;;;;0;0;0;
161;;Kolor kabla:select:1;Czarny:1;;;;;;0;0;0;10;1;0;;0;0;;;;;0;0;0;
161;;Kolor kabla:select:1;Biały:1;;;;;;0;0;0;10;1;0;;0;0;;;;;0;0;0;
162;;Kolor kabla:select:1;Miedziany:1;;;;;;0;0;0;10;1;0;;0;0;;;;;0;0;0;
162;;Kolor kabla:select:1;Srebrzysty:1;;;;;;0;0;0;10;1;0;;0;1;;;;;0;0;0;
162;;Kolor kabla:select:1;Czarny:1;;;;;;0;0;0;10;1;0;;0;0;;;;;0;0;0;
162;;Kolor kabla:select:1;Biały:1;;;;;;0;0;0;10;1;0;;0;0;;;;;0;0;0;
163;;Kolor kabla:select:1;Miedziany:1;;;;;;0;0;0;10;1;0;;0;0;;;;;0;0;0;
163;;Kolor kabla:select:1;Srebrzysty:1;;;;;;0;0;0;10;1;0;;0;1;;;;;0;0;0;
163;;Kolor kabla:select:1;Czarny:1;;;;;;0;0;0;10;1;0;;0;0;;;;;0;0;0;
163;;Kolor kabla:select:1;Biały:1;;;;;;0;0;0;10;1;0;;0;0;;;;;0;0;0;
164;;Kolor kabla:select:1;Miedziany:1;;;;;;0;0;0;10;1;0;;0;0;;;;;0;0;0;
164;;Kolor kabla:select:1;Srebrzysty:1;;;;;;0;0;0;10;1;0;;0;1;;;;;0;0;0;
164;;Kolor kabla:select:1;Czarny:1;;;;;;0;0;0;10;1;0;;0;0;;;;;0;0;0;
164;;Kolor kabla:select:1;Biały:1;;;;;;0;0;0;10;1;0;;0;0;;;;;0;0;0;
165;;Kolor kabla:select:1;Miedziany:1;;;;;;0;0;0;10;1;0;;0;0;;;;;0;0;0;
165;;Kolor kabla:select:1;Srebrzysty:1;;;;;;0;0;0;10;1;0;;0;1;;;;;0;0;0;
165;;Kolor kabla:select:1;Czarny:1;;;;;;0;0;0;10;1;0;;0;0;;;;;0;0;0;
165;;Kolor kabla:select:1;Biały:1;;;;;;0;0;0;10;1;0;;0;0;;;;;0;0;0;
166;;Kolor kabla:select:1;Miedziany:1;;;;;;0;0;0;10;1;0;;0;0;;;;;0;0;0;
166;;Kolor kabla:select:1;Srebrzysty:1;;;;;;0;0;0;10;1;0;;0;1;;;;;0;0;0;
166;;Kolor kabla:select:1;Czarny:1;;;;;;0;0;0;10;1;0;;0;0;;;;;0;0;0;
166;;Kolor kabla:select:1;Biały:1;;;;;;0;0;0;10;1;0;;0;0;;;;;0;0;0;
167;;Kolor kabla:select:1;Miedziany:1;;;;;;0;0;0;10;1;0;;0;0;;;;;0;0;0;
167;;Kolor kabla:select:1;Srebrzysty:1;;;;;;0;0;0;10;1;0;;0;1;;;;;0;0;0;
167;;Kolor kabla:select:1;Czarny:1;;;;;;0;0;0;10;1;0;;0;0;;;;;0;0;0;
167;;Kolor kabla:select:1;Biały:1;;;;;;0;0;0;10;1;0;;0;0;;;;;0;0;0;
168;;Kolor kabla:select:1;Miedziany:1;;;;;;0;0;0;10;1;0;;0;0;;;;;0;0;0;
168;;Kolor kabla:select:1;Srebrzysty:1;;;;;;0;0;0;10;1;0;;0;1;;;;;0;0;0;
168;;Kolor kabla:select:1;Czarny:1;;;;;;0;0;0;10;1;0;;0;0;;;;;0;0;0;
168;;Kolor kabla:select:1;Biały:1;;;;;;0;0;0;10;1;0;;0;0;;;;;0;0;0;
169;;Kolor kabla:select:1;Miedziany:1;;;;;;0;0;0;10;1;0;;0;0;;;;;0;0;0;
169;;Kolor kabla:select:1;Srebrzysty:1;;;;;;0;0;0;10;1;0;;0;1;;;;;0;0;0;
169;;Kolor kabla:select:1;Czarny:1;;;;;;0;0;0;10;1;0;;0;0;;;;;0;0;0;
169;;Kolor kabla:select:1;Biały:1;;;;;;0;0;0;10;1;0;;0;0;;;;;0;0;0;
170;;Kolor kabla:select:1;Miedziany:1;;;;;;0;0;0;10;1;0;;0;0;;;;;0;0;0;
170;;Kolor kabla:select:1;Srebrzysty:1;;;;;;0;0;0;10;1;0;;0;1;;;;;0;0;0;
170;;Kolor kabla:select:1;Czarny:1;;;;;;0;0;0;10;1;0;;0;0;;;;;0;0;0;
170;;Kolor kabla:select:1;Biały:1;;;;;;0;0;0;10;1;0;;0;0;;;;;0;0;0;
171;;Kolor kabla:select:1;Miedziany:1;;;;;;0;0;0;10;1;0;;0;0;;;;;0;0;0;
171;;Kolor kabla:select:1;Srebrzysty:1;;;;;;0;0;0;10;1;0;;0;1;;;;;0;0;0;
171;;Kolor kabla:select:1;Czarny:1;;;;;;0;0;0;10;1;0;;0;0;;;;;0;0;0;
171;;Kolor kabla:select:1;Biały:1;;;;;;0;0;0;10;1;0;;0;0;;;;;0;0;0;
172;;Kolor kabla:select:1;Miedziany:1;;;;;;0;0;0;10;1;0;;0;0;;;;;0;0;0;
172;;Kolor kabla:select:1;Srebrzysty:1;;;;;;0;0;0;10;1;0;;0;1;;;;;0;0;0;
172;;Kolor kabla:select:1;Czarny:1;;;;;;0;0;0;10;1;0;;0;0;;;;;0;0;0;
172;;Kolor kabla:select:1;Biały:1;;;;;;0;0;0;10;1;0;;0;0;;;;;0;0;0;
173;;Kolor kabla:select:1;Miedziany:1;;;;;;0;0;0;10;1;0;;0;0;;;;;0;0;0;
173;;Kolor kabla:select:1;Srebrzysty:1;;;;;;0;0;0;10;1;0;;0;1;;;;;0;0;0;
173;;Kolor kabla:select:1;Czarny:1;;;;;;0;0;0;10;1;0;;0;0;;;;;0;0;0;
173;;Kolor kabla:select:1;Biały:1;;;;;;0;0;0;10;1;0;;0;0;;;;;0;0;0;
174;;Kolor kabla:select:1;Miedziany:1;;;;;;0;0;0;10;1;0;;0;0;;;;;0;0;0;
174;;Kolor kabla:select:1;Srebrzysty:1;;;;;;0;0;0;10;1;0;;0;1;;;;;0;0;0;
174;;Kolor kabla:select:1;Czarny:1;;;;;;0;0;0;10;1;0;;0;0;;;;;0;0;0;
174;;Kolor kabla:select:1;Biały:1;;;;;;0;0;0;10;1;0;;0;0;;;;;0;0;0;
175;;Kolor kabla:select:1;Miedziany:1;;;;;;0;0;0;10;1;0;;0;0;;;;;0;0;0;
175;;Kolor kabla:select:1;Srebrzysty:1;;;;;;0;0;0;10;1;0;;0;1;;;;;0;0;0;
175;;Kolor kabla:select:1;Czarny:1;;;;;;0;0;0;10;1;0;;0;0;;;;;0;0;0;
175;;Kolor kabla:select:1;Biały:1;;;;;;0;0;0;10;1;0;;0;0;;;;;0;0;0;
176;;Kolor kabla:select:1;Miedziany:1;;;;;;0;0;0;10;1;0;;0;0;;;;;0;0;0;
176;;Kolor kabla:select:1;Srebrzysty:1;;;;;;0;0;0;10;1;0;;0;1;;;;;0;0;0;
176;;Kolor kabla:select:1;Czarny:1;;;;;;0;0;0;10;1;0;;0;0;;;;;0;0;0;
176;;Kolor kabla:select:1;Biały:1;;;;;;0;0;0;10;1;0;;0;0;;;;;0;0;0;
177;;Kolor kabla:select:1;Miedziany:1;;;;;;0;0;0;10;1;0;;0;0;;;;;0;0;0;
177;;Kolor kabla:select:1;Srebrzysty:1;;;;;;0;0;0;10;1;0;;0;1;;;;;0;0;0;
177;;Kolor kabla:select:1;Czarny:1;;;;;;0;0;0;10;1;0;;0;0;;;;;0;0;0;
177;;Kolor kabla:select:1;Biały:1;;;;;;0;0;0;10;1;0;;0;0;;;;;0;0;0;
178;;Kolor kabla:select:1;Miedziany:1;;;;;;0;0;0;10;1;0;;0;0;;;;;0;0;0;
178;;Kolor kabla:select:1;Srebrzysty:1;;;;;;0;0;0;10;1;0;;0;1;;;;;0;0;0;
178;;Kolor kabla:select:1;Czarny:1;;;;;;0;0;0;10;1;0;;0;0;;;;;0;0;0;
178;;Kolor kabla:select:1;Biały:1;;;;;;0;0;0;10;1;0;;0;0;;;;;0;0;0;
179;;Kolor kabla:select:1;Miedziany:1;;;;;;0;0;0;10;1;0;;0;0;;;;;0;0;0;
179;;Kolor kabla:select:1;Srebrzysty:1;;;;;;0;0;0;10;1;0;;0;1;;;;;0;0;0;
179;;Kolor kabla:select:1;Czarny:1;;;;;;0;0;0;10;1;0;;0;0;;;;;0;0;0;
179;;Kolor kabla:select:1;Biały:1;;;;;;0;0;0;10;1;0;;0;0;;;;;0;0;0;
180;;Kolor kabla:select:1;Miedziany:1;;;;;;0;0;0;10;1;0;;0;0;;;;;0;0;0;
180;;Kolor kabla:select:1;Srebrzysty:1;;;;;;0;0;0;10;1;0;;0;1;;;;;0;0;0;
180;;Kolor kabla:select:1;Czarny:1;;;;;;0;0;0;10;1;0;;0;0;;;;;0;0;0;
180;;Kolor kabla:select:1;Biały:1;;;;;;0;0;0;10;1;0;;0;0;;;;;0;0;0;
181;;Kolor kabla:select:1;Miedziany:1;;;;;;0;0;0;10;1;0;;0;0;;;;;0;0;0;
181;;Kolor kabla:select:1;Srebrzysty:1;;;;;;0;0;0;10;1;0;;0;1;;;;;0;0;0;
181;;Kolor kabla:select:1;Czarny:1;;;;;;0;0;0;10;1;0;;0;0;;;;;0;0;0;
181;;Kolor kabla:select:1;Biały:1;;;;;;0;0;0;10;1;0;;0;0;;;;;0;0;0;
182;;Kolor kabla:select:1;Miedziany:1;;;;;;0;0;0;10;1;0;;0;0;;;;;0;0;0;
182;;Kolor kabla:select:1;Srebrzysty:1;;;;;;0;0;0;10;1;0;;0;1;;;;;0;0;0;
182;;Kolor kabla:select:1;Czarny:1;;;;;;0;0;0;10;1;0;;0;0;;;;;0;0;0;
182;;Kolor kabla:select:1;Biały:1;;;;;;0;0;0;10;1;0;;0;0;;;;;0;0;0;
183;;Kolor kabla:select:1;Miedziany:1;;;;;;0;0;0;10;1;0;;0;0;;;;;0;0;0;
183;;Kolor kabla:select:1;Srebrzysty:1;;;;;;0;0;0;10;1;0;;0;1;;;;;0;0;0;
183;;Kolor kabla:select:1;Czarny:1;;;;;;0;0;0;10;1;0;;0;0;;;;;0;0;0;
183;;Kolor kabla:select:1;Biały:1;;;;;;0;0;0;10;1;0;;0;0;;;;;0;0;0;
184;;Kolor kabla:select:1;Miedziany:1;;;;;;0;0;0;10;1;0;;0;0;;;;;0;0;0;
184;;Kolor kabla:select:1;Srebrzysty:1;;;;;;0;0;0;10;1;0;;0;1;;;;;0;0;0;
184;;Kolor kabla:select:1;Czarny:1;;;;;;0;0;0;10;1;0;;0;0;;;;;0;0;0;
184;;Kolor kabla:select:1;Biały:1;;;;;;0;0;0;10;1;0;;0;0;;;;;0;0;0;
185;;Kolor kabla:select:1;Miedziany:1;;;;;;0;0;0;10;1;0;;0;0;;;;;0;0;0;
185;;Kolor kabla:select:1;Srebrzysty:1;;;;;;0;0;0;10;1;0;;0;1;;;;;0;0;0;
185;;Kolor kabla:select:1;Czarny:1;;;;;;0;0;0;10;1;0;;0;0;;;;;0;0;0;
185;;Kolor kabla:select:1;Biały:1;;;;;;0;0;0;10;1;0;;0;0;;;;;0;0;0;
186;;Kolor kabla:select:1;Miedziany:1;;;;;;0;0;0;10;1;0;;0;0;;;;;0;0;0;
186;;Kolor kabla:select:1;Srebrzysty:1;;;;;;0;0;0;10;1;0;;0;1;;;;;0;0;0;
186;;Kolor kabla:select:1;Czarny:1;;;;;;0;0;0;10;1;0;;0;0;;;;;0;0;0;
186;;Kolor kabla:select:1;Biały:1;;;;;;0;0;0;10;1;0;;0;0;;;;;0;0;0;
187;;Kolor kabla:select:1;Miedziany:1;;;;;;0;0;0;10;1;0;;0;0;;;;;0;0;0;
187;;Kolor kabla:select:1;Srebrzysty:1;;;;;;0;0;0;10;1;0;;0;1;;;;;0;0;0;
187;;Kolor kabla:select:1;Czarny:1;;;;;;0;0;0;10;1;0;;0;0;;;;;0;0;0;
187;;Kolor kabla:select:1;Biały:1;;;;;;0;0;0;10;1;0;;0;0;;;;;0;0;0;
188;;Kolor kabla:select:1;Miedziany:1;;;;;;0;0;0;10;1;0;;0;0;;;;;0;0;0;
188;;Kolor kabla:select:1;Srebrzysty:1;;;;;;0;0;0;10;1;0;;0;1;;;;;0;0;0;
188;;Kolor kabla:select:1;Czarny:1;;;;;;0;0;0;10;1;0;;0;0;;;;;0;0;0;
188;;Kolor kabla:select:1;Biały:1;;;;;;0;0;0;10;1;0;;0;0;;;;;0;0;0;
189;;Kolor kabla:select:1;Miedziany:1;;;;;;0;0;0;10;1;0;;0;0;;;;;0;0;0;
189;;Kolor kabla:select:1;Srebrzysty:1;;;;;;0;0;0;10;1;0;;0;1;;;;;0;0;0;
189;;Kolor kabla:select:1;Czarny:1;;;;;;0;0;0;10;1;0;;0;0;;;;;0;0;0;
189;;Kolor kabla:select:1;Biały:1;;;;;;0;0;0;10;1;0;;0;0;;;;;0;0;0;
190;;Kolor kabla:select:1;Miedziany:1;;;;;;0;0;0;10;1;0;;0;0;;;;;0;0;0;
190;;Kolor kabla:select:1;Srebrzysty:1;;;;;;0;0;0;10;1;0;;0;1;;;;;0;0;0;
190;;Kolor kabla:select:1;Czarny:1;;;;;;0;0;0;10;1;0;;0;0;;;;;0;0;0;
190;;Kolor kabla:select:1;Biały:1;;;;;;0;0;0;10;1;0;;0;0;;;;;0;0;0;
191;;Kolor kabla:select:1;Miedziany:1;;;;;;0;0;0;10;1;0;;0;0;;;;;0;0;0;
191;;Kolor kabla:select:1;Srebrzysty:1;;;;;;0;0;0;10;1;0;;0;1;;;;;0;0;0;
191;;Kolor kabla:select:1;Czarny:1;;;;;;0;0;0;10;1;0;;0;0;;;;;0;0;0;
191;;Kolor kabla:select:1;Biały:1;;;;;;0;0;0;10;1;0;;0;0;;;;;0;0;0;
192;;Kolor kabla:select:1;Miedziany:1;;;;;;0;0;0;10;1;0;;0;0;;;;;0;0;0;
192;;Kolor kabla:select:1;Srebrzysty:1;;;;;;0;0;0;10;1;0;;0;1;;;;;0;0;0;
192;;Kolor kabla:select:1;Czarny:1;;;;;;0;0;0;10;1;0;;0;0;;;;;0;0;0;
192;;Kolor kabla:select:1;Biały:1;;;;;;0;0;0;10;1;0;;0;0;;;;;0;0;0;
193;;Kolor kabla:select:1;Miedziany:1;;;;;;0;0;0;10;1;0;;0;0;;;;;0;0;0;
193;;Kolor kabla:select:1;Srebrzysty:1;;;;;;0;0;0;10;1;0;;0;1;;;;;0;0;0;
193;;Kolor kabla:select:1;Czarny:1;;;;;;0;0;0;10;1;0;;0;0;;;;;0;0;0;
193;;Kolor kabla:select:1;Biały:1;;;;;;0;0;0;10;1;0;;0;0;;;;;0;0;0;
194;;Kolor kabla:select:1;Miedziany:1;;;;;;0;0;0;10;1;0;;0;0;;;;;0;0;0;
194;;Kolor kabla:select:1;Srebrzysty:1;;;;;;0;0;0;10;1;0;;0;1;;;;;0;0;0;
194;;Kolor kabla:select:1;Czarny:1;;;;;;0;0;0;10;1;0;;0;0;;;;;0;0;0;
194;;Kolor kabla:select:1;Biały:1;;;;;;0;0;0;10;1;0;;0;0;;;;;0;0;0;
195;;Kolor kabla:select:1;Miedziany:1;;;;;;0;0;0;10;1;0;;0;0;;;;;0;0;0;
195;;Kolor kabla:select:1;Srebrzysty:1;;;;;;0;0;0;10;1;0;;0;1;;;;;0;0;0;
195;;Kolor kabla:select:1;Czarny:1;;;;;;0;0;0;10;1;0;;0;0;;;;;0;0;0;
195;;Kolor kabla:select:1;Biały:1;;;;;;0;0;0;10;1;0;;0;0;;;;;0;0;0;
196;;Kolor kabla:select:1;Miedziany:1;;;;;;0;0;0;10;1;0;;0;0;;;;;0;0;0;
196;;Kolor kabla:select:1;Srebrzysty:1;;;;;;0;0;0;10;1;0;;0;1;;;;;0;0;0;
196;;Kolor kabla:select:1;Czarny:1;;;;;;0;0;0;10;1;0;;0;0;;;;;0;0;0;
196;;Kolor kabla:select:1;Biały:1;;;;;;0;0;0;10;1;0;;0;0;;;;;0;0;0;
197;;Kolor kabla:select:1;Miedziany:1;;;;;;0;0;0;10;1;0;;0;0;;;;;0;0;0;
197;;Kolor kabla:select:1;Srebrzysty:1;;;;;;0;0;0;10;1;0;;0;1;;;;;0;0;0;
197;;Kolor kabla:select:1;Czarny:1;;;;;;0;0;0;10;1;0;;0;0;;;;;0;0;0;
197;;Kolor kabla:select:1;Biały:1;;;;;;0;0;0;10;1;0;;0;0;;;;;0;0;0;
198;;Kolor kabla:select:1;Miedziany:1;;;;;;0;0;0;10;1;0;;0;0;;;;;0;0;0;
198;;Kolor kabla:select:1;Srebrzysty:1;;;;;;0;0;0;10;1;0;;0;1;;;;;0;0;0;
198;;Kolor kabla:select:1;Czarny:1;;;;;;0;0;0;10;1;0;;0;0;;;;;0;0;0;
198;;Kolor kabla:select:1;Biały:1;;;;;;0;0;0;10;1;0;;0;0;;;;;0;0;0;
199;;Kolor kabla:select:1;Miedziany:1;;;;;;0;0;0;10;1;0;;0;0;;;;;0;0;0;
199;;Kolor kabla:select:1;Srebrzysty:1;;;;;;0;0;0;10;1;0;;0;1;;;;;0;0;0;
199;;Kolor kabla:select:1;Czarny:1;;;;;;0;0;0;10;1;0;;0;0;;;;;0;0;0;
199;;Kolor kabla:select:1;Biały:1;;;;;;0;0;0;10;1;0;;0;0;;;;;0;0;0;
200;;Kolor kabla:select:1;Miedziany:1;;;;;;0;0;0;10;1;0;;0;0;;;;;0;0;0;
200;;Kolor kabla:select:1;Srebrzysty:1;;;;;;0;0;0;10;1;0;;0;1;;;;;0;0;0;
200;;Kolor kabla:select:1;Czarny:1;;;;;;0;0;0;10;1;0;;0;0;;;;;0;0;0;
200;;Kolor kabla:select:1;Biały:1;;;;;;0;0;0;10;1;0;;0;0;;;;;0;0;0;
201;;Kolor kabla:select:1;Miedziany:1;;;;;;0;0;0;10;1;0;;0;0;;;;;0;0;0;
201;;Kolor kabla:select:1;Srebrzysty:1;;;;;;0;0;0;10;1;0;;0;1;;;;;0;0;0;
201;;Kolor kabla:select:1;Czarny:1;;;;;;0;0;0;10;1;0;;0;0;;;;;0;0;0;
201;;Kolor kabla:select:1;Biały:1;;;;;;0;0;0;10;1;0;;0;0;;;;;0;0;0;
202;;Kolor kabla:select:1;Miedziany:1;;;;;;0;0;0;10;1;0;;0;0;;;;;0;0;0;
202;;Kolor kabla:select:1;Srebrzysty:1;;;;;;0;0;0;10;1;0;;0;1;;;;;0;0;0;
202;;Kolor kabla:select:1;Czarny:1;;;;;;0;0;0;10;1;0;;0;0;;;;;0;0;0;
202;;Kolor kabla:select:1;Biały:1;;;;;;0;0;0;10;1;0;;0;0;;;;;0;0;0;
203;;Kolor kabla:select:1;Miedziany:1;;;;;;0;0;0;10;1;0;;0;0;;;;;0;0;0;
203;;Kolor kabla:select:1;Srebrzysty:1;;;;;;0;0;0;10;1;0;;0;1;;;;;0;0;0;
203;;Kolor kabla:select:1;Czarny:1;;;;;;0;0;0;10;1;0;;0;0;;;;;0;0;0;
203;;Kolor kabla:select:1;Biały:1;;;;;;0;0;0;10;1;0;;0;0;;;;;0;0;0;
204;;Kolor kabla:select:1;Miedziany:1;;;;;;0;0;0;10;1;0;;0;0;;;;;0;0;0;
204;;Kolor kabla:select:1;Srebrzysty:1;;;;;;0;0;0;10;1;0;;0;1;;;;;0;0;0;
204;;Kolor kabla:select:1;Czarny:1;;;;;;0;0;0;10;1;0;;0;0;;;;;0;0;0;
204;;Kolor kabla:select:1;Biały:1;;;;;;0;0;0;10;1;0;;0;0;;;;;0;0;0;
205;;Kolor kabla:select:1;Miedziany:1;;;;;;0;0;0;10;1;0;;0;0;;;;;0;0;0;
205;;Kolor kabla:select:1;Srebrzysty:1;;;;;;0;0;0;10;1;0;;0;1;;;;;0;0;0;
205;;Kolor kabla:select:1;Czarny:1;;;;;;0;0;0;10;1;0;;0;0;;;;;0;0;0;
205;;Kolor kabla:select:1;Biały:1;;;;;;0;0;0;10;1;0;;0;0;;;;;0;0;0;
206;;Kolor kabla:select:1;Miedziany:1;;;;;;0;0;0;10;1;0;;0;0;;;;;0;0;0;
206;;Kolor kabla:select:1;Srebrzysty:1;;;;;;0;0;0;10;1;0;;0;1;;;;;0;0;0;
206;;Kolor kabla:select:1;Czarny:1;;;;;;0;0;0;10;1;0;;0;0;;;;;0;0;0;
206;;Kolor kabla:select:1;Biały:1;;;;;;0;0;0;10;1;0;;0;0;;;;;0;0;0;
207;;Kolor kabla:select:1;Miedziany:1;;;;;;0;0;0;10;1;0;;0;0;;;;;0;0;0;
207;;Kolor kabla:select:1;Srebrzysty:1;;;;;;0;0;0;10;1;0;;0;1;;;;;0;0;0;
207;;Kolor kabla:select:1;Czarny:1;;;;;;0;0;0;10;1;0;;0;0;;;;;0;0;0;
207;;Kolor kabla:select:1;Biały:1;;;;;;0;0;0;10;1;0;;0;0;;;;;0;0;0;
208;;Kolor kabla:select:1;Miedziany:1;;;;;;0;0;0;10;1;0;;0;0;;;;;0;0;0;
208;;Kolor kabla:select:1;Srebrzysty:1;;;;;;0;0;0;10;1;0;;0;1;;;;;0;0;0;
208;;Kolor kabla:select:1;Czarny:1;;;;;;0;0;0;10;1;0;;0;0;;;;;0;0;0;
208;;Kolor kabla:select:1;Biały:1;;;;;;0;0;0;10;1;0;;0;0;;;;;0;0;0;
209;;Kolor kabla:select:1;Miedziany:1;;;;;;0;0;0;10;1;0;;0;0;;;;;0;0;0;
209;;Kolor kabla:select:1;Srebrzysty:1;;;;;;0;0;0;10;1;0;;0;1;;;;;0;0;0;
209;;Kolor kabla:select:1;Czarny:1;;;;;;0;0;0;10;1;0;;0;0;;;;;0;0;0;
209;;Kolor kabla:select:1;Biały:1;;;;;;0;0;0;10;1;0;;0;0;;;;;0;0;0;
210;;Kolor kabla:select:1;Miedziany:1;;;;;;0;0;0;10;1;0;;0;0;;;;;0;0;0;
210;;Kolor kabla:select:1;Srebrzysty:1;;;;;;0;0;0;10;1;0;;0;1;;;;;0;0;0;
210;;Kolor kabla:select:1;Czarny:1;;;;;;0;0;0;10;1;0;;0;0;;;;;0;0;0;
210;;Kolor kabla:select:1;Biały:1;;;;;;0;0;0;10;1;0;;0;0;;;;;0;0;0;
211;;Kolor kabla:select:1;Miedziany:1;;;;;;0;0;0;10;1;0;;0;0;;;;;0;0;0;
211;;Kolor kabla:select:1;Srebrzysty:1;;;;;;0;0;0;10;1;0;;0;1;;;;;0;0;0;
211;;Kolor kabla:select:1;Czarny:1;;;;;;0;0;0;10;1;0;;0;0;;;;;0;0;0;
211;;Kolor kabla:select:1;Biały:1;;;;;;0;0;0;10;1;0;;0;0;;;;;0;0;0;
212;;Kolor kabla:select:1;Miedziany:1;;;;;;0;0;0;10;1;0;;0;0;;;;;0;0;0;
212;;Kolor kabla:select:1;Srebrzysty:1;;;;;;0;0;0;10;1;0;;0;1;;;;;0;0;0;
212;;Kolor kabla:select:1;Czarny:1;;;;;;0;0;0;10;1;0;;0;0;;;;;0;0;0;
212;;Kolor kabla:select:1;Biały:1;;;;;;0;0;0;10;1;0;;0;0;;;;;0;0;0;
213;;Kolor kabla:select:1;Miedziany:1;;;;;;0;0;0;10;1;0;;0;0;;;;;0;0;0;
213;;Kolor kabla:select:1;Srebrzysty:1;;;;;;0;0;0;10;1;0;;0;1;;;;;0;0;0;
213;;Kolor kabla:select:1;Czarny:1;;;;;;0;0;0;10;1;0;;0;0;;;;;0;0;0;
213;;Kolor kabla:select:1;Biały:1;;;;;;0;0;0;10;1;0;;0;0;;;;;0;0;0;
214;;Kolor kabla:select:1;Miedziany:1;;;;;;0;0;0;10;1;0;;0;0;;;;;0;0;0;
214;;Kolor kabla:select:1;Srebrzysty:1;;;;;;0;0;0;10;1;0;;0;1;;;;;0;0;0;
214;;Kolor kabla:select:1;Czarny:1;;;;;;0;0;0;10;1;0;;0;0;;;;;0;0;0;
214;;Kolor kabla:select:1;Biały:1;;;;;;0;0;0;10;1;0;;0;0;;;;;0;0;0;
215;;Kolor kabla:select:1;Miedziany:1;;;;;;0;0;0;10;1;0;;0;0;;;;;0;0;0;
215;;Kolor kabla:select:1;Srebrzysty:1;;;;;;0;0;0;10;1;0;;0;1;;;;;0;0;0;
215;;Kolor kabla:select:1;Czarny:1;;;;;;0;0;0;10;1;0;;0;0;;;;;0;0;0;
215;;Kolor kabla:select:1;Biały:1;;;;;;0;0;0;10;1;0;;0;0;;;;;0;0;0;
216;;Kolor kabla:select:1;Miedziany:1;;;;;;0;0;0;10;1;0;;0;0;;;;;0;0;0;
216;;Kolor kabla:select:1;Srebrzysty:1;;;;;;0;0;0;10;1;0;;0;1;;;;;0;0;0;
216;;Kolor kabla:select:1;Czarny:1;;;;;;0;0;0;10;1;0;;0;0;;;;;0;0;0;
216;;Kolor kabla:select:1;Biały:1;;;;;;0;0;0;10;1;0;;0;0;;;;;0;0;0;
217;;Kolor kabla:select:1;Miedziany:1;;;;;;0;0;0;10;1;0;;0;0;;;;;0;0;0;
217;;Kolor kabla:select:1;Srebrzysty:1;;;;;;0;0;0;10;1;0;;0;1;;;;;0;0;0;
217;;Kolor kabla:select:1;Czarny:1;;;;;;0;0;0;10;1;0;;0;0;;;;;0;0;0;
217;;Kolor kabla:select:1;Biały:1;;;;;;0;0;0;10;1;0;;0;0;;;;;0;0;0;
218;;Kolor kabla:select:1;Miedziany:1;;;;;;0;0;0;10;1;0;;0;0;;;;;0;0;0;
218;;Kolor kabla:select:1;Srebrzysty:1;;;;;;0;0;0;10;1;0;;0;1;;;;;0;0;0;
218;;Kolor kabla:select:1;Czarny:1;;;;;;0;0;0;10;1;0;;0;0;;;;;0;0;0;
218;;Kolor kabla:select:1;Biały:1;;;;;;0;0;0;10;1;0;;0;0;;;;;0;0;0;
219;;Kolor kabla:select:1;Miedziany:1;;;;;;0;0;0;10;1;0;;0;0;;;;;0;0;0;
219;;Kolor kabla:select:1;Srebrzysty:1;;;;;;0;0;0;10;1;0;;0;1;;;;;0;0;0;
219;;Kolor kabla:select:1;Czarny:1;;;;;;0;0;0;10;1;0;;0;0;;;;;0;0;0;
219;;Kolor kabla:select:1;Biały:1;;;;;;0;0;0;10;1;0;;0;0;;;;;0;0;0;
220;;Kolor kabla:select:1;Miedziany:1;;;;;;0;0;0;10;1;0;;0;0;;;;;0;0;0;
220;;Kolor kabla:select:1;Srebrzysty:1;;;;;;0;0;0;10;1;0;;0;1;;;;;0;0;0;
220;;Kolor kabla:select:1;Czarny:1;;;;;;0;0;0;10;1;0;;0;0;;;;;0;0;0;
220;;Kolor kabla:select:1;Biały:1;;;;;;0;0;0;10;1;0;;0;0;;;;;0;0;0;
221;;Kolor kabla:select:1;Miedziany:1;;;;;;0;0;0;10;1;0;;0;0;;;;;0;0;0;
221;;Kolor kabla:select:1;Srebrzysty:1;;;;;;0;0;0;10;1;0;;0;1;;;;;0;0;0;
221;;Kolor kabla:select:1;Czarny:1;;;;;;0;0;0;10;1;0;;0;0;;;;;0;0;0;
221;;Kolor kabla:select:1;Biały:1;;;;;;0;0;0;10;1;0;;0;0;;;;;0;0;0;
222;;Kolor kabla:select:1;Miedziany:1;;;;;;0;0;0;10;1;0;;0;0;;;;;0;0;0;
222;;Kolor kabla:select:1;Srebrzysty:1;;;;;;0;0;0;10;1;0;;0;1;;;;;0;0;0;
222;;Kolor kabla:select:1;Czarny:1;;;;;;0;0;0;10;1;0;;0;0;;;;;0;0;0;
222;;Kolor kabla:select:1;Biały:1;;;;;;0;0;0;10;1;0;;0;0;;;;;0;0;0;
223;;Kolor kabla:select:1;Miedziany:1;;;;;;0;0;0;10;1;0;;0;0;;;;;0;0;0;
223;;Kolor kabla:select:1;Srebrzysty:1;;;;;;0;0;0;10;1;0;;0;1;;;;;0;0;0;
223;;Kolor kabla:select:1;Czarny:1;;;;;;0;0;0;10;1;0;;0;0;;;;;0;0;0;
223;;Kolor kabla:select:1;Biały:1;;;;;;0;0;0;10;1;0;;0;0;;;;;0;0;0;
224;;Kolor kabla:select:1;Miedziany:1;;;;;;0;0;0;10;1;0;;0;0;;;;;0;0;0;
224;;Kolor kabla:select:1;Srebrzysty:1;;;;;;0;0;0;10;1;0;;0;1;;;;;0;0;0;
224;;Kolor kabla:select:1;Czarny:1;;;;;;0;0;0;10;1;0;;0;0;;;;;0;0;0;
224;;Kolor kabla:select:1;Biały:1;;;;;;0;0;0;10;1;0;;0;0;;;;;0;0;0;
225;;Kolor kabla:select:1;Miedziany:1;;;;;;0;0;0;10;1;0;;0;0;;;;;0;0;0;
225;;Kolor kabla:select:1;Srebrzysty:1;;;;;;0;0;0;10;1;0;;0;1;;;;;0;0;0;
225;;Kolor kabla:select:1;Czarny:1;;;;;;0;0;0;10;1;0;;0;0;;;;;0;0;0;
225;;Kolor kabla:select:1;Biały:1;;;;;;0;0;0;10;1;0;;0;0;;;;;0;0;0;
226;;Kolor kabla:select:1;Miedziany:1;;;;;;0;0;0;10;1;0;;0;0;;;;;0;0;0;
226;;Kolor kabla:select:1;Srebrzysty:1;;;;;;0;0;0;10;1;0;;0;1;;;;;0;0;0;
226;;Kolor kabla:select:1;Czarny:1;;;;;;0;0;0;10;1;0;;0;0;;;;;0;0;0;
226;;Kolor kabla:select:1;Biały:1;;;;;;0;0;0;10;1;0;;0;0;;;;;0;0;0;
227;;Kolor kabla:select:1;Miedziany:1;;;;;;0;0;0;10;1;0;;0;0;;;;;0;0;0;
227;;Kolor kabla:select:1;Srebrzysty:1;;;;;;0;0;0;10;1;0;;0;1;;;;;0;0;0;
227;;Kolor kabla:select:1;Czarny:1;;;;;;0;0;0;10;1;0;;0;0;;;;;0;0;0;
227;;Kolor kabla:select:1;Biały:1;;;;;;0;0;0;10;1;0;;0;0;;;;;0;0;0;
228;;Kolor kabla:select:1;Miedziany:1;;;;;;0;0;0;10;1;0;;0;0;;;;;0;0;0;
228;;Kolor kabla:select:1;Srebrzysty:1;;;;;;0;0;0;10;1;0;;0;1;;;;;0;0;0;
228;;Kolor kabla:select:1;Czarny:1;;;;;;0;0;0;10;1;0;;0;0;;;;;0;0;0;
228;;Kolor kabla:select:1;Biały:1;;;;;;0;0;0;10;1;0;;0;0;;;;;0;0;0;
229;;Kolor kabla:select:1;Miedziany:1;;;;;;0;0;0;10;1;0;;0;0;;;;;0;0;0;
229;;Kolor kabla:select:1;Srebrzysty:1;;;;;;0;0;0;10;1;0;;0;1;;;;;0;0;0;
229;;Kolor kabla:select:1;Czarny:1;;;;;;0;0;0;10;1;0;;0;0;;;;;0;0;0;
229;;Kolor kabla:select:1;Biały:1;;;;;;0;0;0;10;1;0;;0;0;;;;;0;0;0;
230;;Kolor kabla:select:1;Miedziany:1;;;;;;0;0;0;10;1;0;;0;0;;;;;0;0;0;
230;;Kolor kabla:select:1;Srebrzysty:1;;;;;;0;0;0;10;1;0;;0;1;;;;;0;0;0;
230;;Kolor kabla:select:1;Czarny:1;;;;;;0;0;0;10;1;0;;0;0;;;;;0;0;0;
230;;Kolor kabla:select:1;Biały:1;;;;;;0;0;0;10;1;0;;0;0;;;;;0;0;0;
231;;Kolor kabla:select:1;Miedziany:1;;;;;;0;0;0;10;1;0;;0;0;;;;;0;0;0;
231;;Kolor kabla:select:1;Srebrzysty:1;;;;;;0;0;0;10;1;0;;0;1;;;;;0;0;0;
231;;Kolor kabla:select:1;Czarny:1;;;;;;0;0;0;10;1;0;;0;0;;;;;0;0;0;
231;;Kolor kabla:select:1;Biały:1;;;;;;0;0;0;10;1;0;;0;0;;;;;0;0;0;
232;;Kolor kabla:select:1;Miedziany:1;;;;;;0;0;0;10;1;0;;0;0;;;;;0;0;0;
232;;Kolor kabla:select:1;Srebrzysty:1;;;;;;0;0;0;10;1;0;;0;1;;;;;0;0;0;
232;;Kolor kabla:select:1;Czarny:1;;;;;;0;0;0;10;1;0;;0;0;;;;;0;0;0;
232;;Kolor kabla:select:1;Biały:1;;;;;;0;0;0;10;1;0;;0;0;;;;;0;0;0;
233;;Kolor kabla:select:1;Miedziany:1;;;;;;0;0;0;10;1;0;;0;0;;;;;0;0;0;
233;;Kolor kabla:select:1;Srebrzysty:1;;;;;;0;0;0;10;1;0;;0;1;;;;;0;0;0;
233;;Kolor kabla:select:1;Czarny:1;;;;;;0;0;0;10;1;0;;0;0;;;;;0;0;0;
233;;Kolor kabla:select:1;Biały:1;;;;;;0;0;0;10;1;0;;0;0;;;;;0;0;0;
234;;Kolor kabla:select:1;Miedziany:1;;;;;;0;0;0;10;1;0;;0;0;;;;;0;0;0;
234;;Kolor kabla:select:1;Srebrzysty:1;;;;;;0;0;0;10;1;0;;0;1;;;;;0;0;0;
234;;Kolor kabla:select:1;Czarny:1;;;;;;0;0;0;10;1;0;;0;0;;;;;0;0;0;
234;;Kolor kabla:select:1;Biały:1;;;;;;0;0;0;10;1;0;;0;0;;;;;0;0;0;
235;;Kolor kabla:select:1;Miedziany:1;;;;;;0;0;0;10;1;0;;0;0;;;;;0;0;0;
235;;Kolor kabla:select:1;Srebrzysty:1;;;;;;0;0;0;10;1;0;;0;1;;;;;0;0;0;
235;;Kolor kabla:select:1;Czarny:1;;;;;;0;0;0;10;1;0;;0;0;;;;;0;0;0;
235;;Kolor kabla:select:1;Biały:1;;;;;;0;0;0;10;1;0;;0;0;;;;;0;0;0;
236;;Kolor kabla:select:1;Miedziany:1;;;;;;0;0;0;10;1;0;;0;0;;;;;0;0;0;
236;;Kolor kabla:select:1;Srebrzysty:1;;;;;;0;0;0;10;1;0;;0;1;;;;;0;0;0;
236;;Kolor kabla:select:1;Czarny:1;;;;;;0;0;0;10;1;0;;0;0;;;;;0;0;0;
236;;Kolor kabla:select:1;Biały:1;;;;;;0;0;0;10;1;0;;0;0;;;;;0;0;0;
237;;Kolor kabla:select:1;Miedziany:1;;;;;;0;0;0;10;1;0;;0;0;;;;;0;0;0;
237;;Kolor kabla:select:1;Srebrzysty:1;;;;;;0;0;0;10;1;0;;0;1;;;;;0;0;0;
237;;Kolor kabla:select:1;Czarny:1;;;;;;0;0;0;10;1;0;;0;0;;;;;0;0;0;
237;;Kolor kabla:select:1;Biały:1;;;;;;0;0;0;10;1;0;;0;0;;;;;0;0;0;
238;;Kolor kabla:select:1;Miedziany:1;;;;;;0;0;0;10;1;0;;0;0;;;;;0;0;0;
238;;Kolor kabla:select:1;Srebrzysty:1;;;;;;0;0;0;10;1;0;;0;1;;;;;0;0;0;
238;;Kolor kabla:select:1;Czarny:1;;;;;;0;0;0;10;1;0;;0;0;;;;;0;0;0;
238;;Kolor kabla:select:1;Biały:1;;;;;;0;0;0;10;1;0;;0;0;;;;;0;0;0;
239;;Kolor kabla:select:1;Miedziany:1;;;;;;0;0;0;10;1;0;;0;0;;;;;0;0;0;
239;;Kolor kabla:select:1;Srebrzysty:1;;;;;;0;0;0;10;1;0;;0;1;;;;;0;0;0;
239;;Kolor kabla:select:1;Czarny:1;;;;;;0;0;0;10;1;0;;0;0;;;;;0;0;0;
239;;Kolor kabla:select:1;Biały:1;;;;;;0;0;0;10;1;0;;0;0;;;;;0;0;0;
240;;Kolor kabla:select:1;Miedziany:1;;;;;;0;0;0;10;1;0;;0;0;;;;;0;0;0;
240;;Kolor kabla:select:1;Srebrzysty:1;;;;;;0;0;0;10;1;0;;0;1;;;;;0;0;0;
240;;Kolor kabla:select:1;Czarny:1;;;;;;0;0;0;10;1;0;;0;0;;;;;0;0;0;
240;;Kolor kabla:select:1;Biały:1;;;;;;0;0;0;10;1;0;;0;0;;;;;0;0;0;
241;;Kolor kabla:select:1;Miedziany:1;;;;;;0;0;0;10;1;0;;0;0;;;;;0;0;0;
241;;Kolor kabla:select:1;Srebrzysty:1;;;;;;0;0;0;10;1;0;;0;1;;;;;0;0;0;
241;;Kolor kabla:select:1;Czarny:1;;;;;;0;0;0;10;1;0;;0;0;;;;;0;0;0;
241;;Kolor kabla:select:1;Biały:1;;;;;;0;0;0;10;1;0;;0;0;;;;;0;0;0;
242;;Kolor kabla:select:1;Miedziany:1;;;;;;0;0;0;10;1;0;;0;0;;;;;0;0;0;
242;;Kolor kabla:select:1;Srebrzysty:1;;;;;;0;0;0;10;1;0;;0;1;;;;;0;0;0;
242;;Kolor kabla:select:1;Czarny:1;;;;;;0;0;0;10;1;0;;0;0;;;;;0;0;0;
242;;Kolor kabla:select:1;Biały:1;;;;;;0;0;0;10;1;0;;0;0;;;;;0;0;0;
243;;Kolor kabla:select:1;Miedziany:1;;;;;;0;0;0;10;1;0;;0;0;;;;;0;0;0;
243;;Kolor kabla:select:1;Srebrzysty:1;;;;;;0;0;0;10;1;0;;0;1;;;;;0;0;0;
243;;Kolor kabla:select:1;Czarny:1;;;;;;0;0;0;10;1;0;;0;0;;;;;0;0;0;
243;;Kolor kabla:select:1;Biały:1;;;;;;0;0;0;10;1;0;;0;0;;;;;0;0;0;
244;;Kolor kabla:select:1;Miedziany:1;;;;;;0;0;0;10;1;0;;0;0;;;;;0;0;0;
244;;Kolor kabla:select:1;Srebrzysty:1;;;;;;0;0;0;10;1;0;;0;1;;;;;0;0;0;
244;;Kolor kabla:select:1;Czarny:1;;;;;;0;0;0;10;1;0;;0;0;;;;;0;0;0;
244;;Kolor kabla:select:1;Biały:1;;;;;;0;0;0;10;1;0;;0;0;;;;;0;0;0;
245;;Kolor kabla:select:1;Miedziany:1;;;;;;0;0;0;10;1;0;;0;0;;;;;0;0;0;
245;;Kolor kabla:select:1;Srebrzysty:1;;;;;;0;0;0;10;1;0;;0;1;;;;;0;0;0;
245;;Kolor kabla:select:1;Czarny:1;;;;;;0;0;0;10;1;0;;0;0;;;;;0;0;0;
245;;Kolor kabla:select:1;Biały:1;;;;;;0;0;0;10;1;0;;0;0;;;;;0;0;0;
246;;Kolor kabla:select:1;Miedziany:1;;;;;;0;0;0;10;1;0;;0;0;;;;;0;0;0;
246;;Kolor kabla:select:1;Srebrzysty:1;;;;;;0;0;0;10;1;0;;0;1;;;;;0;0;0;
246;;Kolor kabla:select:1;Czarny:1;;;;;;0;0;0;10;1;0;;0;0;;;;;0;0;0;
246;;Kolor kabla:select:1;Biały:1;;;;;;0;0;0;10;1;0;;0;0;;;;;0;0;0;
247;;Kolor kabla:select:1;Miedziany:1;;;;;;0;0;0;10;1;0;;0;0;;;;;0;0;0;
247;;Kolor kabla:select:1;Srebrzysty:1;;;;;;0;0;0;10;1;0;;0;1;;;;;0;0;0;
247;;Kolor kabla:select:1;Czarny:1;;;;;;0;0;0;10;1;0;;0;0;;;;;0;0;0;
247;;Kolor kabla:select:1;Biały:1;;;;;;0;0;0;10;1;0;;0;0;;;;;0;0;0;
248;;Kolor kabla:select:1;Miedziany:1;;;;;;0;0;0;10;1;0;;0;0;;;;;0;0;0;
248;;Kolor kabla:select:1;Srebrzysty:1;;;;;;0;0;0;10;1;0;;0;1;;;;;0;0;0;
248;;Kolor kabla:select:1;Czarny:1;;;;;;0;0;0;10;1;0;;0;0;;;;;0;0;0;
248;;Kolor kabla:select:1;Biały:1;;;;;;0;0;0;10;1;0;;0;0;;;;;0;0;0;